Fetched At,Station ID,Station Name,Water Level (m),Discharge,Last Updated,Today Rain (mm),Hourly Rain (mm),Temperature (°C),Humidity (%),River Station,Latitude,Longitude
2026-06-09 11:46:06,2004,Nitawade,537.96,0.00,2025-10-31 18:00:00.000,0.00,0.00,0.00,0.00,1,16.74583333,74.14305556
2026-06-09 11:46:06,2005,Balinga,536.48,0.00,2026-06-09 16:45:00.000,0.00,0.00,0.00,0.00,1,16.69166667,74.16527778
2026-06-09 11:46:06,2006,Wadange (Shiroli Bridge),531.70,0.00,2026-06-09 16:45:00.000,0.00,0.00,0.00,0.00,1,16.71194444,74.27222222
2026-06-09 11:46:06,2007,Ichalkaranji,528.94,0.00,2026-06-09 17:00:00.000,0.00,0.00,0.00,0.00,1,16.66555556,74.47611111
2026-06-09 14:16:10,2004,Nitawade,537.96,0.00,2025-10-31 18:00:00.000,0.00,0.00,0.00,0.00,1,16.74583333,74.14305556
2026-06-09 14:16:10,2005,Balinga,536.45,0.00,2026-06-09 19:15:00.000,0.00,0.00,0.00,0.00,1,16.69166667,74.16527778
2026-06-09 14:16:10,2006,Wadange (Shiroli Bridge),531.68,0.00,2026-06-09 19:15:00.000,0.00,0.00,0.00,0.00,1,16.71194444,74.27222222
2026-06-09 14:16:10,2007,Ichalkaranji,528.94,0.00,2026-06-09 19:30:00.000,0.00,0.00,0.00,0.00,1,16.66555556,74.47611111
2026-06-09 17:08:02,2004,Nitawade,537.96,0.00,2025-10-31 18:00:00.000,0.00,0.00,0.00,0.00,1,16.74583333,74.14305556
2026-06-09 17:08:02,2005,Balinga,536.43,0.00,2026-06-09 22:15:00.000,0.00,0.00,0.00,0.00,1,16.69166667,74.16527778
2026-06-09 17:08:02,2006,Wadange (Shiroli Bridge),531.68,0.00,2026-06-09 22:00:00.000,0.00,0.00,0.00,0.00,1,16.71194444,74.27222222
2026-06-09 17:08:02,2007,Ichalkaranji,528.94,0.00,2026-06-09 22:15:00.000,0.00,0.00,0.00,0.00,1,16.66555556,74.47611111
2026-06-09 19:29:11,2004,Nitawade,537.96,0.00,2025-10-31 18:00:00.000,0.00,0.00,0.00,0.00,1,16.74583333,74.14305556
2026-06-09 19:29:11,2005,Balinga,536.40,0.00,2026-06-10 00:30:00.000,0.00,0.00,0.00,0.00,1,16.69166667,74.16527778
2026-06-09 19:29:11,2006,Wadange (Shiroli Bridge),531.68,0.00,2026-06-10 00:30:00.000,0.00,0.00,0.00,0.00,1,16.71194444,74.27222222
2026-06-09 19:29:11,2007,Ichalkaranji,528.92,0.00,2026-06-10 00:45:00.000,0.00,0.00,0.00,0.00,1,16.66555556,74.47611111
2026-06-09 21:18:07,2004,Nitawade,537.96,0.00,2025-10-31 18:00:00.000,0.00,0.00,0.00,0.00,1,16.74583333,74.14305556
2026-06-09 21:18:07,2005,Balinga,536.38,0.00,2026-06-10 02:30:00.000,0.00,0.00,0.00,0.00,1,16.69166667,74.16527778
2026-06-09 21:18:07,2006,Wadange (Shiroli Bridge),531.68,0.00,2026-06-10 02:30:00.000,0.00,0.00,0.00,0.00,1,16.71194444,74.27222222
2026-06-09 21:18:07,2007,Ichalkaranji,528.92,0.00,2026-06-10 02:30:00.000,0.00,0.00,0.00,0.00,1,16.66555556,74.47611111
2026-06-09 22:55:40,2004,Nitawade,537.96,0.00,2025-10-31 18:00:00.000,0.00,0.00,0.00,0.00,1,16.74583333,74.14305556
2026-06-09 22:55:40,2005,Balinga,536.37,0.00,2026-06-10 03:45:00.000,0.00,0.00,0.00,0.00,1,16.69166667,74.16527778
2026-06-09 22:55:40,2006,Wadange (Shiroli Bridge),531.66,0.00,2026-06-10 03:30:00.000,0.00,0.00,0.00,0.00,1,16.71194444,74.27222222
2026-06-09 22:55:40,2007,Ichalkaranji,528.92,0.00,2026-06-10 04:00:00.000,0.00,0.00,0.00,0.00,1,16.66555556,74.47611111
2026-06-10 00:04:17,2004,Nitawade,537.96,0.00,2025-10-31 18:00:00.000,0.00,0.00,0.00,0.00,1,16.74583333,74.14305556
2026-06-10 00:04:17,2005,Balinga,536.37,0.00,2026-06-10 05:00:00.000,0.00,0.00,0.00,0.00,1,16.69166667,74.16527778
2026-06-10 00:04:17,2006,Wadange (Shiroli Bridge),531.65,0.00,2026-06-10 05:00:00.000,0.00,0.00,0.00,0.00,1,16.71194444,74.27222222
2026-06-10 00:04:17,2007,Ichalkaranji,528.91,0.00,2026-06-10 05:15:00.000,0.00,0.00,0.00,0.00,1,16.66555556,74.47611111
2026-06-10 04:44:58,2004,Nitawade,537.96,0.00,2025-10-31 18:00:00.000,0.00,0.00,0.00,0.00,1,16.74583333,74.14305556
2026-06-10 04:44:58,2005,Balinga,536.35,0.00,2026-06-10 09:45:00.000,0.00,0.00,0.00,0.00,1,16.69166667,74.16527778
2026-06-10 04:44:58,2006,Wadange (Shiroli Bridge),531.57,0.00,2026-06-10 09:45:00.000,0.00,0.00,0.00,0.00,1,16.71194444,74.27222222
2026-06-10 04:44:58,2007,Ichalkaranji,528.86,0.00,2026-06-10 10:00:00.000,0.00,0.00,0.00,0.00,1,16.66555556,74.47611111
2026-06-10 08:37:14,2004,Nitawade,537.96,0.00,2025-10-31 18:00:00.000,0.00,0.00,0.00,0.00,1,16.74583333,74.14305556
2026-06-10 08:37:14,2005,Balinga,536.24,0.00,2026-06-10 13:30:00.000,0.00,0.00,0.00,0.00,1,16.69166667,74.16527778
2026-06-10 08:37:14,2006,Wadange (Shiroli Bridge),531.50,0.00,2026-06-10 13:15:00.000,0.00,0.00,0.00,0.00,1,16.71194444,74.27222222
2026-06-10 08:37:14,2007,Ichalkaranji,528.79,0.00,2026-06-10 13:45:00.000,0.00,0.00,0.00,0.00,1,16.66555556,74.47611111
2026-06-10 11:57:44,2004,Nitawade,537.96,0.00,2025-10-31 18:00:00.000,0.00,0.00,0.00,0.00,1,16.74583333,74.14305556
2026-06-10 11:57:44,2005,Balinga,536.19,0.00,2026-06-10 16:30:00.000,0.00,0.00,0.00,0.00,1,16.69166667,74.16527778
2026-06-10 11:57:44,2006,Wadange (Shiroli Bridge),531.45,0.00,2026-06-10 16:30:00.000,0.00,0.00,0.00,0.00,1,16.71194444,74.27222222
2026-06-10 11:57:44,2007,Ichalkaranji,528.75,0.00,2026-06-10 16:45:00.000,0.00,0.00,0.00,0.00,1,16.66555556,74.47611111
2026-06-10 15:20:21,2004,Nitawade,537.96,0.00,2025-10-31 18:00:00.000,0.00,0.00,0.00,0.00,1,16.74583333,74.14305556
2026-06-10 15:20:21,2005,Balinga,536.22,0.00,2026-06-10 20:15:00.000,0.00,0.00,0.00,0.00,1,16.69166667,74.16527778
2026-06-10 15:20:21,2006,Wadange (Shiroli Bridge),531.44,0.00,2026-06-10 20:15:00.000,0.00,0.00,0.00,0.00,1,16.71194444,74.27222222
2026-06-10 15:20:21,2007,Ichalkaranji,528.76,0.00,2026-06-10 20:30:00.000,0.00,0.00,0.00,0.00,1,16.66555556,74.47611111
2026-06-10 18:12:54,2004,Nitawade,537.96,0.00,2025-10-31 18:00:00.000,0.00,0.00,0.00,0.00,1,16.74583333,74.14305556
2026-06-10 18:12:54,2005,Balinga,536.24,0.00,2026-06-10 23:15:00.000,0.00,0.00,0.00,0.00,1,16.69166667,74.16527778
2026-06-10 18:12:54,2006,Wadange (Shiroli Bridge),531.43,0.00,2026-06-10 23:15:00.000,0.00,0.00,0.00,0.00,1,16.71194444,74.27222222
2026-06-10 18:12:54,2007,Ichalkaranji,528.74,0.00,2026-06-10 23:30:00.000,0.00,0.00,0.00,0.00,1,16.66555556,74.47611111
2026-06-10 20:44:59,2004,Nitawade,537.96,0.00,2025-10-31 18:00:00.000,0.00,0.00,0.00,0.00,1,16.74583333,74.14305556
2026-06-10 20:44:59,2005,Balinga,536.24,0.00,2026-06-11 01:45:00.000,0.00,0.00,0.00,0.00,1,16.69166667,74.16527778
2026-06-10 20:44:59,2006,Wadange (Shiroli Bridge),531.42,0.00,2026-06-11 01:45:00.000,0.00,0.00,0.00,0.00,1,16.71194444,74.27222222
2026-06-10 20:44:59,2007,Ichalkaranji,528.75,0.00,2026-06-11 02:00:00.000,0.00,0.00,0.00,0.00,1,16.66555556,74.47611111
2026-06-10 22:31:37,2004,Nitawade,537.96,0.00,2025-10-31 18:00:00.000,0.00,0.00,0.00,0.00,1,16.74583333,74.14305556
2026-06-10 22:31:37,2005,Balinga,536.24,0.00,2026-06-11 03:30:00.000,0.00,0.00,0.00,0.00,1,16.69166667,74.16527778
2026-06-10 22:31:37,2006,Wadange (Shiroli Bridge),531.41,0.00,2026-06-11 03:30:00.000,0.00,0.00,0.00,0.00,1,16.71194444,74.27222222
2026-06-10 22:31:37,2007,Ichalkaranji,528.74,0.00,2026-06-11 03:45:00.000,0.00,0.00,0.00,0.00,1,16.66555556,74.47611111
2026-06-11 00:03:46,2004,Nitawade,537.96,0.00,2025-10-31 18:00:00.000,0.00,0.00,0.00,0.00,1,16.74583333,74.14305556
2026-06-11 00:03:46,2005,Balinga,536.24,0.00,2026-06-11 05:00:00.000,0.00,0.00,0.00,0.00,1,16.69166667,74.16527778
2026-06-11 00:03:46,2006,Wadange (Shiroli Bridge),531.42,0.00,2026-06-11 05:00:00.000,0.00,0.00,0.00,0.00,1,16.71194444,74.27222222
2026-06-11 00:03:46,2007,Ichalkaranji,528.73,0.00,2026-06-11 05:15:00.000,0.00,0.00,0.00,0.00,1,16.66555556,74.47611111
2026-06-11 04:57:30,2004,Nitawade,537.96,0.00,2025-10-31 18:00:00.000,0.00,0.00,0.00,0.00,1,16.74583333,74.14305556
2026-06-11 04:57:30,2005,Balinga,536.20,0.00,2026-06-11 09:45:00.000,0.00,0.00,0.00,0.00,1,16.69166667,74.16527778
2026-06-11 04:57:30,2006,Wadange (Shiroli Bridge),531.35,0.00,2026-06-11 09:45:00.000,0.00,0.00,0.00,0.00,1,16.71194444,74.27222222
2026-06-11 04:57:30,2007,Ichalkaranji,528.66,0.00,2026-06-11 10:00:00.000,0.00,0.00,0.00,0.00,1,16.66555556,74.47611111
2026-06-11 09:09:12,2004,Nitawade,537.96,0.00,2025-10-31 18:00:00.000,0.00,0.00,0.00,0.00,1,16.74583333,74.14305556
2026-06-11 09:09:12,2005,Balinga,536.07,0.00,2026-06-11 14:15:00.000,0.00,0.00,0.00,0.00,1,16.69166667,74.16527778
2026-06-11 09:09:12,2006,Wadange (Shiroli Bridge),531.27,0.00,2026-06-11 13:45:00.000,0.00,0.00,0.00,0.00,1,16.71194444,74.27222222
2026-06-11 09:09:12,2007,Ichalkaranji,528.59,0.00,2026-06-11 14:15:00.000,0.00,0.00,0.00,0.00,1,16.66555556,74.47611111
2026-06-11 12:54:01,2004,Nitawade,537.96,0.00,2025-10-31 18:00:00.000,0.00,0.00,0.00,0.00,1,16.74583333,74.14305556
2026-06-11 12:54:01,2005,Balinga,536.00,0.00,2026-06-11 17:45:00.000,0.00,0.00,0.00,0.00,1,16.69166667,74.16527778
2026-06-11 12:54:01,2006,Wadange (Shiroli Bridge),531.23,0.00,2026-06-11 17:45:00.000,0.00,0.00,0.00,0.00,1,16.71194444,74.27222222
2026-06-11 12:54:01,2007,Ichalkaranji,528.54,0.00,2026-06-11 18:00:00.000,0.00,0.00,0.00,0.00,1,16.66555556,74.47611111
2026-06-11 16:43:49,2004,Nitawade,537.96,0.00,2025-10-31 18:00:00.000,0.00,0.00,0.00,0.00,1,16.74583333,74.14305556
2026-06-11 16:43:49,2005,Balinga,535.99,0.00,2026-06-11 21:45:00.000,0.00,0.00,0.00,0.00,1,16.69166667,74.16527778
2026-06-11 16:43:49,2006,Wadange (Shiroli Bridge),531.24,0.00,2026-06-11 22:00:00.000,0.00,0.00,0.00,0.00,1,16.71194444,74.27222222
2026-06-11 16:43:49,2007,Ichalkaranji,528.55,0.00,2026-06-11 22:00:00.000,0.00,0.00,0.00,0.00,1,16.66555556,74.47611111
2026-06-11 19:24:03,2004,Nitawade,537.96,0.00,2025-10-31 18:00:00.000,0.00,0.00,0.00,0.00,1,16.74583333,74.14305556
2026-06-11 19:24:03,2005,Balinga,535.99,0.00,2026-06-12 00:30:00.000,0.00,0.00,0.00,0.00,1,16.69166667,74.16527778
2026-06-11 19:24:03,2006,Wadange (Shiroli Bridge),531.24,0.00,2026-06-12 00:30:00.000,0.00,0.00,0.00,0.00,1,16.71194444,74.27222222
2026-06-11 19:24:03,2007,Ichalkaranji,528.55,0.00,2026-06-12 00:30:00.000,0.00,0.00,0.00,0.00,1,16.66555556,74.47611111
2026-06-11 21:33:36,2004,Nitawade,537.96,0.00,2025-10-31 18:00:00.000,0.00,0.00,0.00,0.00,1,16.74583333,74.14305556
2026-06-11 21:33:36,2005,Balinga,535.99,0.00,2026-06-12 02:45:00.000,0.00,0.00,0.00,0.00,1,16.69166667,74.16527778
2026-06-11 21:33:36,2006,Wadange (Shiroli Bridge),531.24,0.00,2026-06-12 02:45:00.000,0.00,0.00,0.00,0.00,1,16.71194444,74.27222222
2026-06-11 21:33:36,2007,Ichalkaranji,528.57,0.00,2026-06-12 02:45:00.000,0.00,0.00,0.00,0.00,1,16.66555556,74.47611111
2026-06-11 23:09:54,2004,Nitawade,537.96,0.00,2025-10-31 18:00:00.000,0.00,0.00,0.00,0.00,1,16.74583333,74.14305556
2026-06-11 23:09:54,2005,Balinga,535.99,0.00,2026-06-12 04:30:00.000,0.00,0.00,0.00,0.00,1,16.69166667,74.16527778
2026-06-11 23:09:54,2006,Wadange (Shiroli Bridge),531.24,0.00,2026-06-12 04:30:00.000,0.00,0.00,0.00,0.00,1,16.71194444,74.27222222
2026-06-11 23:09:54,2007,Ichalkaranji,528.57,0.00,2026-06-12 04:30:00.000,0.00,0.00,0.00,0.00,1,16.66555556,74.47611111
2026-06-12 01:38:18,2004,Nitawade,537.96,0.00,2025-10-31 18:00:00.000,0.00,0.00,0.00,0.00,1,16.74583333,74.14305556
2026-06-12 01:38:18,2005,Balinga,535.97,0.00,2026-06-12 06:45:00.000,0.00,0.00,0.00,0.00,1,16.69166667,74.16527778
2026-06-12 01:38:18,2006,Wadange (Shiroli Bridge),531.22,0.00,2026-06-12 06:45:00.000,0.00,0.00,0.00,0.00,1,16.71194444,74.27222222
2026-06-12 01:38:18,2007,Ichalkaranji,528.56,0.00,2026-06-12 06:45:00.000,0.00,0.00,0.00,0.00,1,16.66555556,74.47611111
2026-06-12 06:17:57,2004,Nitawade,537.96,0.00,2025-10-31 18:00:00.000,0.00,0.00,0.00,0.00,1,16.74583333,74.14305556
2026-06-12 06:17:57,2005,Balinga,535.87,0.00,2026-06-12 11:15:00.000,0.00,0.00,0.00,0.00,1,16.69166667,74.16527778
2026-06-12 06:17:57,2006,Wadange (Shiroli Bridge),531.13,0.00,2026-06-12 11:15:00.000,0.00,0.00,0.00,0.00,1,16.71194444,74.27222222
2026-06-12 06:17:57,2007,Ichalkaranji,528.48,0.00,2026-06-12 11:30:00.000,0.00,0.00,0.00,0.00,1,16.66555556,74.47611111
2026-06-12 10:45:53,2004,Nitawade,537.96,0.00,2025-10-31 18:00:00.000,0.00,0.00,0.00,0.00,1,16.74583333,74.14305556
2026-06-12 10:45:53,2005,Balinga,535.74,0.00,2026-06-12 15:45:00.000,0.00,0.00,0.00,0.00,1,16.69166667,74.16527778
2026-06-12 10:45:53,2006,Wadange (Shiroli Bridge),531.07,0.00,2026-06-12 16:00:00.000,0.00,0.00,0.00,0.00,1,16.71194444,74.27222222
2026-06-12 10:45:53,2007,Ichalkaranji,528.39,0.00,2026-06-12 16:00:00.000,0.00,0.00,0.00,0.00,1,16.66555556,74.47611111
2026-06-12 13:57:38,2004,Nitawade,537.96,0.00,2025-10-31 18:00:00.000,0.00,0.00,0.00,0.00,1,16.74583333,74.14305556
2026-06-12 13:57:38,2005,Balinga,535.65,0.00,2026-06-12 19:00:00.000,0.00,0.00,0.00,0.00,1,16.69166667,74.16527778
2026-06-12 13:57:38,2006,Wadange (Shiroli Bridge),531.20,0.00,2026-06-12 19:00:00.000,0.00,0.00,0.00,0.00,1,16.71194444,74.27222222
2026-06-12 13:57:38,2007,Ichalkaranji,528.38,0.00,2026-06-12 18:45:00.000,0.00,0.00,0.00,0.00,1,16.66555556,74.47611111
2026-06-12 16:40:46,2004,Nitawade,537.96,0.00,2025-10-31 18:00:00.000,0.00,0.00,0.00,0.00,1,16.74583333,74.14305556
2026-06-12 16:40:46,2005,Balinga,535.66,0.00,2026-06-12 21:45:00.000,0.00,0.00,0.00,0.00,1,16.69166667,74.16527778
2026-06-12 16:40:46,2006,Wadange (Shiroli Bridge),531.23,0.00,2026-06-12 21:30:00.000,0.00,0.00,0.00,0.00,1,16.71194444,74.27222222
2026-06-12 16:40:46,2007,Ichalkaranji,528.39,0.00,2026-06-12 21:45:00.000,0.00,0.00,0.00,0.00,1,16.66555556,74.47611111
2026-06-12 18:32:58,2004,Nitawade,537.96,0.00,2025-10-31 18:00:00.000,0.00,0.00,0.00,0.00,1,16.74583333,74.14305556
2026-06-12 18:32:58,2005,Balinga,535.63,0.00,2026-06-12 23:45:00.000,0.00,0.00,0.00,0.00,1,16.69166667,74.16527778
2026-06-12 18:32:58,2006,Wadange (Shiroli Bridge),531.25,0.00,2026-06-12 23:45:00.000,0.00,0.00,0.00,0.00,1,16.71194444,74.27222222
2026-06-12 18:32:58,2007,Ichalkaranji,528.39,0.00,2026-06-12 23:45:00.000,0.00,0.00,0.00,0.00,1,16.66555556,74.47611111
2026-06-12 20:55:47,2004,Nitawade,537.96,0.00,2025-10-31 18:00:00.000,0.00,0.00,0.00,0.00,1,16.74583333,74.14305556
2026-06-12 20:55:47,2005,Balinga,535.62,0.00,2026-06-13 02:00:00.000,0.00,0.00,0.00,0.00,1,16.69166667,74.16527778
2026-06-12 20:55:47,2006,Wadange (Shiroli Bridge),531.25,0.00,2026-06-13 02:00:00.000,0.00,0.00,0.00,0.00,1,16.71194444,74.27222222
2026-06-12 20:55:47,2007,Ichalkaranji,528.41,0.00,2026-06-13 02:00:00.000,0.00,0.00,0.00,0.00,1,16.66555556,74.47611111
2026-06-12 22:17:50,2004,Nitawade,537.96,0.00,2025-10-31 18:00:00.000,0.00,0.00,0.00,0.00,1,16.74583333,74.14305556
2026-06-12 22:17:50,2005,Balinga,535.60,0.00,2026-06-13 03:30:00.000,0.00,0.00,0.00,0.00,1,16.69166667,74.16527778
2026-06-12 22:17:50,2006,Wadange (Shiroli Bridge),531.23,0.00,2026-06-13 03:30:00.000,0.00,0.00,0.00,0.00,1,16.71194444,74.27222222
2026-06-12 22:17:50,2007,Ichalkaranji,528.41,0.00,2026-06-13 03:30:00.000,0.00,0.00,0.00,0.00,1,16.66555556,74.47611111
2026-06-12 23:57:57,2004,Nitawade,537.96,0.00,2025-10-31 18:00:00.000,0.00,0.00,0.00,0.00,1,16.74583333,74.14305556
2026-06-12 23:57:57,2005,Balinga,535.59,0.00,2026-06-13 05:15:00.000,0.00,0.00,0.00,0.00,1,16.69166667,74.16527778
2026-06-12 23:57:57,2006,Wadange (Shiroli Bridge),531.25,0.00,2026-06-13 05:15:00.000,0.00,0.00,0.00,0.00,1,16.71194444,74.27222222
2026-06-12 23:57:57,2007,Ichalkaranji,528.43,0.00,2026-06-13 05:15:00.000,0.00,0.00,0.00,0.00,1,16.66555556,74.47611111
2026-06-13 02:50:32,2004,Nitawade,537.96,0.00,2025-10-31 18:00:00.000,0.00,0.00,0.00,0.00,1,16.74583333,74.14305556
2026-06-13 02:50:32,2005,Balinga,535.54,0.00,2026-06-13 08:00:00.000,0.00,0.00,0.00,0.00,1,16.69166667,74.16527778
2026-06-13 02:50:32,2006,Wadange (Shiroli Bridge),531.20,0.00,2026-06-13 08:00:00.000,0.00,0.00,0.00,0.00,1,16.71194444,74.27222222
2026-06-13 02:50:32,2007,Ichalkaranji,528.43,0.00,2026-06-13 08:00:00.000,0.00,0.00,0.00,0.00,1,16.66555556,74.47611111
2026-06-13 06:45:13,2004,Nitawade,537.96,0.00,2025-10-31 18:00:00.000,0.00,0.00,0.00,0.00,1,16.74583333,74.14305556
2026-06-13 06:45:13,2005,Balinga,535.57,0.00,2026-06-13 11:45:00.000,0.00,0.00,0.00,0.00,1,16.69166667,74.16527778
2026-06-13 06:45:13,2006,Wadange (Shiroli Bridge),531.11,0.00,2026-06-13 11:45:00.000,0.00,0.00,0.00,0.00,1,16.71194444,74.27222222
2026-06-13 06:45:13,2007,Ichalkaranji,528.34,0.00,2026-06-13 12:00:00.000,0.00,0.00,0.00,0.00,1,16.66555556,74.47611111
2026-06-13 09:47:07,2004,Nitawade,537.96,0.00,2025-10-31 18:00:00.000,0.00,0.00,0.00,0.00,1,16.74583333,74.14305556
2026-06-13 09:47:07,2005,Balinga,535.55,0.00,2026-06-13 15:00:00.000,0.00,0.00,0.00,0.00,1,16.69166667,74.16527778
2026-06-13 09:47:07,2006,Wadange (Shiroli Bridge),531.07,0.00,2026-06-13 14:45:00.000,0.00,0.00,0.00,0.00,1,16.71194444,74.27222222
2026-06-13 09:47:07,2007,Ichalkaranji,528.26,0.00,2026-06-13 15:00:00.000,0.00,0.00,0.00,0.00,1,16.66555556,74.47611111
2026-06-13 11:45:40,2004,Nitawade,537.96,0.00,2025-10-31 18:00:00.000,0.00,0.00,0.00,0.00,1,16.74583333,74.14305556
2026-06-13 11:45:40,2005,Balinga,535.56,0.00,2026-06-13 17:00:00.000,0.00,0.00,0.00,0.00,1,16.69166667,74.16527778
2026-06-13 11:45:40,2006,Wadange (Shiroli Bridge),531.05,0.00,2026-06-13 17:00:00.000,0.00,0.00,0.00,0.00,1,16.71194444,74.27222222
2026-06-13 11:45:40,2007,Ichalkaranji,528.22,0.00,2026-06-13 17:00:00.000,0.00,0.00,0.00,0.00,1,16.66555556,74.47611111
2026-06-13 13:19:54,2004,Nitawade,537.96,0.00,2025-10-31 18:00:00.000,0.00,0.00,0.00,0.00,1,16.74583333,74.14305556
2026-06-13 13:19:54,2005,Balinga,535.55,0.00,2026-06-13 18:30:00.000,0.00,0.00,0.00,0.00,1,16.69166667,74.16527778
2026-06-13 13:19:54,2006,Wadange (Shiroli Bridge),531.05,0.00,2026-06-13 18:15:00.000,0.00,0.00,0.00,0.00,1,16.71194444,74.27222222
2026-06-13 13:19:54,2007,Ichalkaranji,528.21,0.00,2026-06-13 18:30:00.000,0.00,0.00,0.00,0.00,1,16.66555556,74.47611111
2026-06-13 15:15:41,2004,Nitawade,537.96,0.00,2025-10-31 18:00:00.000,0.00,0.00,0.00,0.00,1,16.74583333,74.14305556
2026-06-13 15:15:41,2005,Balinga,535.56,0.00,2026-06-13 20:30:00.000,0.00,0.00,0.00,0.00,1,16.69166667,74.16527778
2026-06-13 15:15:41,2006,Wadange (Shiroli Bridge),531.07,0.00,2026-06-13 20:00:00.000,0.00,0.00,0.00,0.00,1,16.71194444,74.27222222
2026-06-13 15:15:41,2007,Ichalkaranji,528.22,0.00,2026-06-13 20:30:00.000,0.00,0.00,0.00,0.00,1,16.66555556,74.47611111
2026-06-13 16:54:13,2004,Nitawade,537.96,0.00,2025-10-31 18:00:00.000,0.00,0.00,0.00,0.00,1,16.74583333,74.14305556
2026-06-13 16:54:13,2005,Balinga,535.56,0.00,2026-06-13 20:30:00.000,0.00,0.00,0.00,0.00,1,16.69166667,74.16527778
2026-06-13 16:54:13,2006,Wadange (Shiroli Bridge),531.07,0.00,2026-06-13 20:00:00.000,0.00,0.00,0.00,0.00,1,16.71194444,74.27222222
2026-06-13 16:54:13,2007,Ichalkaranji,528.22,0.00,2026-06-13 20:30:00.000,0.00,0.00,0.00,0.00,1,16.66555556,74.47611111
2026-06-13 18:02:25,2004,Nitawade,537.96,0.00,2025-10-31 18:00:00.000,0.00,0.00,0.00,0.00,1,16.74583333,74.14305556
2026-06-13 18:02:25,2005,Balinga,535.56,0.00,2026-06-13 20:30:00.000,0.00,0.00,0.00,0.00,1,16.69166667,74.16527778
2026-06-13 18:02:25,2006,Wadange (Shiroli Bridge),531.07,0.00,2026-06-13 20:00:00.000,0.00,0.00,0.00,0.00,1,16.71194444,74.27222222
2026-06-13 18:02:25,2007,Ichalkaranji,528.22,0.00,2026-06-13 20:30:00.000,0.00,0.00,0.00,0.00,1,16.66555556,74.47611111
2026-06-13 19:52:40,2004,Nitawade,537.96,0.00,2025-10-31 18:00:00.000,0.00,0.00,0.00,0.00,1,16.74583333,74.14305556
2026-06-13 19:52:40,2005,Balinga,535.56,0.00,2026-06-13 20:30:00.000,0.00,0.00,0.00,0.00,1,16.69166667,74.16527778
2026-06-13 19:52:40,2006,Wadange (Shiroli Bridge),531.07,0.00,2026-06-13 20:00:00.000,0.00,0.00,0.00,0.00,1,16.71194444,74.27222222
2026-06-13 19:52:40,2007,Ichalkaranji,528.22,0.00,2026-06-13 20:30:00.000,0.00,0.00,0.00,0.00,1,16.66555556,74.47611111
2026-06-13 21:00:08,2004,Nitawade,537.96,0.00,2025-10-31 18:00:00.000,0.00,0.00,0.00,0.00,1,16.74583333,74.14305556
2026-06-13 21:00:08,2005,Balinga,535.56,0.00,2026-06-13 20:30:00.000,0.00,0.00,0.00,0.00,1,16.69166667,74.16527778
2026-06-13 21:00:08,2006,Wadange (Shiroli Bridge),531.07,0.00,2026-06-13 20:00:00.000,0.00,0.00,0.00,0.00,1,16.71194444,74.27222222
2026-06-13 21:00:08,2007,Ichalkaranji,528.22,0.00,2026-06-13 20:30:00.000,0.00,0.00,0.00,0.00,1,16.66555556,74.47611111
2026-06-13 22:04:54,2004,Nitawade,537.96,0.00,2025-10-31 18:00:00.000,0.00,0.00,0.00,0.00,1,16.74583333,74.14305556
2026-06-13 22:04:54,2005,Balinga,535.56,0.00,2026-06-13 20:30:00.000,0.00,0.00,0.00,0.00,1,16.69166667,74.16527778
2026-06-13 22:04:54,2006,Wadange (Shiroli Bridge),531.07,0.00,2026-06-13 20:00:00.000,0.00,0.00,0.00,0.00,1,16.71194444,74.27222222
2026-06-13 22:04:54,2007,Ichalkaranji,528.22,0.00,2026-06-13 20:30:00.000,0.00,0.00,0.00,0.00,1,16.66555556,74.47611111
2026-06-13 23:20:27,2004,Nitawade,537.96,0.00,2025-10-31 18:00:00.000,0.00,0.00,0.00,0.00,1,16.74583333,74.14305556
2026-06-13 23:20:27,2005,Balinga,535.56,0.00,2026-06-13 20:30:00.000,0.00,0.00,0.00,0.00,1,16.69166667,74.16527778
2026-06-13 23:20:27,2006,Wadange (Shiroli Bridge),531.07,0.00,2026-06-13 20:00:00.000,0.00,0.00,0.00,0.00,1,16.71194444,74.27222222
2026-06-13 23:20:27,2007,Ichalkaranji,528.22,0.00,2026-06-13 20:30:00.000,0.00,0.00,0.00,0.00,1,16.66555556,74.47611111
2026-06-14 01:41:02,2004,Nitawade,537.96,0.00,2025-10-31 18:00:00.000,0.00,0.00,0.00,0.00,1,16.74583333,74.14305556
2026-06-14 01:41:02,2005,Balinga,535.56,0.00,2026-06-13 20:30:00.000,0.00,0.00,0.00,0.00,1,16.69166667,74.16527778
2026-06-14 01:41:02,2006,Wadange (Shiroli Bridge),531.07,0.00,2026-06-13 20:00:00.000,0.00,0.00,0.00,0.00,1,16.71194444,74.27222222
2026-06-14 01:41:02,2007,Ichalkaranji,528.22,0.00,2026-06-13 20:30:00.000,0.00,0.00,0.00,0.00,1,16.66555556,74.47611111
2026-06-14 06:19:53,2004,Nitawade,537.96,0.00,2025-10-31 18:00:00.000,0.00,0.00,0.00,0.00,1,16.74583333,74.14305556
2026-06-14 06:19:53,2005,Balinga,535.56,0.00,2026-06-13 20:30:00.000,0.00,0.00,0.00,0.00,1,16.69166667,74.16527778
2026-06-14 06:19:53,2006,Wadange (Shiroli Bridge),531.07,0.00,2026-06-13 20:00:00.000,0.00,0.00,0.00,0.00,1,16.71194444,74.27222222
2026-06-14 06:19:53,2007,Ichalkaranji,528.22,0.00,2026-06-13 20:30:00.000,0.00,0.00,0.00,0.00,1,16.66555556,74.47611111
2026-06-14 10:01:29,2004,Nitawade,537.96,0.00,2025-10-31 18:00:00.000,0.00,0.00,0.00,0.00,1,16.74583333,74.14305556
2026-06-14 10:01:29,2005,Balinga,534.83,0.00,2026-06-14 15:15:00.000,0.00,0.00,0.00,0.00,1,16.69166667,74.16527778
2026-06-14 10:01:29,2006,Wadange (Shiroli Bridge),531.12,0.00,2026-06-14 15:15:00.000,0.00,0.00,0.00,0.00,1,16.71194444,74.27222222
2026-06-14 10:01:29,2007,Ichalkaranji,527.97,0.00,2026-06-14 15:15:00.000,0.00,0.00,0.00,0.00,1,16.66555556,74.47611111
2026-06-14 12:13:44,2004,Nitawade,537.96,0.00,2025-10-31 18:00:00.000,0.00,0.00,0.00,0.00,1,16.74583333,74.14305556
2026-06-14 12:13:44,2005,Balinga,534.79,0.00,2026-06-14 17:15:00.000,0.00,0.00,0.00,0.00,1,16.69166667,74.16527778
2026-06-14 12:13:44,2006,Wadange (Shiroli Bridge),531.12,0.00,2026-06-14 17:30:00.000,0.00,0.00,0.00,0.00,1,16.71194444,74.27222222
2026-06-14 12:13:44,2007,Ichalkaranji,527.96,0.00,2026-06-14 15:30:00.000,0.00,0.00,0.00,0.00,1,16.66555556,74.47611111
2026-06-14 14:28:12,2004,Nitawade,537.96,0.00,2025-10-31 18:00:00.000,0.00,0.00,0.00,0.00,1,16.74583333,74.14305556
2026-06-14 14:28:12,2005,Balinga,534.83,0.00,2026-06-14 19:45:00.000,0.00,0.00,0.00,0.00,1,16.69166667,74.16527778
2026-06-14 14:28:12,2006,Wadange (Shiroli Bridge),531.13,0.00,2026-06-14 19:45:00.000,0.00,0.00,0.00,0.00,1,16.71194444,74.27222222
2026-06-14 14:28:12,2007,Ichalkaranji,527.96,0.00,2026-06-14 15:30:00.000,0.00,0.00,0.00,0.00,1,16.66555556,74.47611111
2026-06-14 17:44:16,2004,Nitawade,537.96,0.00,2025-10-31 18:00:00.000,0.00,0.00,0.00,0.00,1,16.74583333,74.14305556
2026-06-14 17:44:16,2005,Balinga,534.82,0.00,2026-06-14 23:00:00.000,0.00,0.00,0.00,0.00,1,16.69166667,74.16527778
2026-06-14 17:44:16,2006,Wadange (Shiroli Bridge),531.14,0.00,2026-06-14 23:00:00.000,0.00,0.00,0.00,0.00,1,16.71194444,74.27222222
2026-06-14 17:44:16,2007,Ichalkaranji,527.96,0.00,2026-06-14 15:30:00.000,0.00,0.00,0.00,0.00,1,16.66555556,74.47611111
2026-06-14 18:57:16,2004,Nitawade,537.96,0.00,2025-10-31 18:00:00.000,0.00,0.00,0.00,0.00,1,16.74583333,74.14305556
2026-06-14 18:57:16,2005,Balinga,534.82,0.00,2026-06-15 00:00:00.000,0.00,0.00,0.00,0.00,1,16.69166667,74.16527778
2026-06-14 18:57:16,2006,Wadange (Shiroli Bridge),531.13,0.00,2026-06-15 00:00:00.000,0.00,0.00,0.00,0.00,1,16.71194444,74.27222222
2026-06-14 18:57:16,2007,Ichalkaranji,527.96,0.00,2026-06-14 15:30:00.000,0.00,0.00,0.00,0.00,1,16.66555556,74.47611111
2026-06-14 20:15:28,2004,Nitawade,537.96,0.00,2025-10-31 18:00:00.000,0.00,0.00,0.00,0.00,1,16.74583333,74.14305556
2026-06-14 20:15:28,2005,Balinga,534.81,0.00,2026-06-15 01:30:00.000,0.00,0.00,0.00,0.00,1,16.69166667,74.16527778
2026-06-14 20:15:28,2006,Wadange (Shiroli Bridge),531.10,0.00,2026-06-15 01:30:00.000,0.00,0.00,0.00,0.00,1,16.71194444,74.27222222
2026-06-14 20:15:28,2007,Ichalkaranji,527.96,0.00,2026-06-14 15:30:00.000,0.00,0.00,0.00,0.00,1,16.66555556,74.47611111
2026-06-14 21:40:53,2004,Nitawade,537.96,0.00,2025-10-31 18:00:00.000,0.00,0.00,0.00,0.00,1,16.74583333,74.14305556
2026-06-14 21:40:53,2005,Balinga,534.81,0.00,2026-06-15 02:45:00.000,0.00,0.00,0.00,0.00,1,16.69166667,74.16527778
2026-06-14 21:40:53,2006,Wadange (Shiroli Bridge),531.07,0.00,2026-06-15 02:45:00.000,0.00,0.00,0.00,0.00,1,16.71194444,74.27222222
2026-06-14 21:40:53,2007,Ichalkaranji,527.96,0.00,2026-06-14 15:30:00.000,0.00,0.00,0.00,0.00,1,16.66555556,74.47611111
2026-06-14 22:49:36,2004,Nitawade,537.96,0.00,2025-10-31 18:00:00.000,0.00,0.00,0.00,0.00,1,16.74583333,74.14305556
2026-06-14 22:49:36,2005,Balinga,534.81,0.00,2026-06-15 03:45:00.000,0.00,0.00,0.00,0.00,1,16.69166667,74.16527778
2026-06-14 22:49:36,2006,Wadange (Shiroli Bridge),531.07,0.00,2026-06-15 03:45:00.000,0.00,0.00,0.00,0.00,1,16.71194444,74.27222222
2026-06-14 22:49:36,2007,Ichalkaranji,527.96,0.00,2026-06-14 15:30:00.000,0.00,0.00,0.00,0.00,1,16.66555556,74.47611111
2026-06-14 23:59:30,2004,Nitawade,537.96,0.00,2025-10-31 18:00:00.000,0.00,0.00,0.00,0.00,1,16.74583333,74.14305556
2026-06-14 23:59:30,2005,Balinga,534.81,0.00,2026-06-15 05:15:00.000,0.00,0.00,0.00,0.00,1,16.69166667,74.16527778
2026-06-14 23:59:30,2006,Wadange (Shiroli Bridge),531.06,0.00,2026-06-15 05:15:00.000,0.00,0.00,0.00,0.00,1,16.71194444,74.27222222
2026-06-14 23:59:30,2007,Ichalkaranji,527.96,0.00,2026-06-14 15:30:00.000,0.00,0.00,0.00,0.00,1,16.66555556,74.47611111
2026-06-15 04:08:17,2004,Nitawade,537.96,0.00,2025-10-31 18:00:00.000,0.00,0.00,0.00,0.00,1,16.74583333,74.14305556
2026-06-15 04:08:17,2005,Balinga,534.79,0.00,2026-06-15 09:00:00.000,0.00,0.00,0.00,0.00,1,16.69166667,74.16527778
2026-06-15 04:08:17,2006,Wadange (Shiroli Bridge),530.94,0.00,2026-06-15 09:15:00.000,0.00,0.00,0.00,0.00,1,16.71194444,74.27222222
2026-06-15 04:08:17,2007,Ichalkaranji,527.95,0.00,2026-06-15 07:15:00.000,0.00,0.00,0.00,0.00,1,16.66555556,74.47611111
2026-06-15 10:32:24,2004,Nitawade,537.96,0.00,2025-10-31 18:00:00.000,0.00,0.00,0.00,0.00,1,16.74583333,74.14305556
2026-06-15 10:32:24,2005,Balinga,534.56,0.00,2026-06-15 15:45:00.000,0.00,0.00,0.00,0.00,1,16.69166667,74.16527778
2026-06-15 10:32:24,2006,Wadange (Shiroli Bridge),530.92,0.00,2026-06-15 15:30:00.000,0.00,0.00,0.00,0.00,1,16.71194444,74.27222222
2026-06-15 10:32:24,2007,Ichalkaranji,527.95,0.00,2026-06-15 07:15:00.000,0.00,0.00,0.00,0.00,1,16.66555556,74.47611111
2026-06-15 16:09:42,2004,Nitawade,537.96,0.00,2025-10-31 18:00:00.000,0.00,0.00,0.00,0.00,1,16.74583333,74.14305556
2026-06-15 16:09:42,2005,Balinga,534.47,0.00,2026-06-15 21:15:00.000,0.00,0.00,0.00,0.00,1,16.69166667,74.16527778
2026-06-15 16:09:42,2006,Wadange (Shiroli Bridge),530.99,0.00,2026-06-15 21:15:00.000,0.00,0.00,0.00,0.00,1,16.71194444,74.27222222
2026-06-15 16:09:42,2007,Ichalkaranji,527.95,0.00,2026-06-15 07:15:00.000,0.00,0.00,0.00,0.00,1,16.66555556,74.47611111
2026-06-15 19:55:13,2004,Nitawade,537.96,0.00,2025-10-31 18:00:00.000,0.00,0.00,0.00,0.00,1,16.74583333,74.14305556
2026-06-15 19:55:13,2005,Balinga,534.47,0.00,2026-06-16 01:00:00.000,0.00,0.00,0.00,0.00,1,16.69166667,74.16527778
2026-06-15 19:55:13,2006,Wadange (Shiroli Bridge),531.00,0.00,2026-06-16 01:00:00.000,0.00,0.00,0.00,0.00,1,16.71194444,74.27222222
2026-06-15 19:55:13,2007,Ichalkaranji,527.95,0.00,2026-06-15 07:15:00.000,0.00,0.00,0.00,0.00,1,16.66555556,74.47611111
2026-06-15 22:09:08,2004,Nitawade,537.96,0.00,2025-10-31 18:00:00.000,0.00,0.00,0.00,0.00,1,16.74583333,74.14305556
2026-06-15 22:09:08,2005,Balinga,534.53,0.00,2026-06-16 03:15:00.000,0.00,0.00,0.00,0.00,1,16.69166667,74.16527778
2026-06-15 22:09:08,2006,Wadange (Shiroli Bridge),531.00,0.00,2026-06-16 03:15:00.000,0.00,0.00,0.00,0.00,1,16.71194444,74.27222222
2026-06-15 22:09:08,2007,Ichalkaranji,527.95,0.00,2026-06-15 07:15:00.000,0.00,0.00,0.00,0.00,1,16.66555556,74.47611111
2026-06-16 00:00:47,2004,Nitawade,537.96,0.00,2025-10-31 18:00:00.000,0.00,0.00,0.00,0.00,1,16.74583333,74.14305556
2026-06-16 00:00:47,2005,Balinga,534.51,0.00,2026-06-16 05:15:00.000,0.00,0.00,0.00,0.00,1,16.69166667,74.16527778
2026-06-16 00:00:47,2006,Wadange (Shiroli Bridge),530.99,0.00,2026-06-16 05:00:00.000,0.00,0.00,0.00,0.00,1,16.71194444,74.27222222
2026-06-16 00:00:47,2007,Ichalkaranji,527.95,0.00,2026-06-15 07:15:00.000,0.00,0.00,0.00,0.00,1,16.66555556,74.47611111
2026-06-16 04:19:41,2004,Nitawade,537.96,0.00,2025-10-31 18:00:00.000,0.00,0.00,0.00,0.00,1,16.74583333,74.14305556
2026-06-16 04:19:41,2005,Balinga,534.57,0.00,2026-06-16 09:30:00.000,0.00,0.00,0.00,0.00,1,16.69166667,74.16527778
2026-06-16 04:19:41,2006,Wadange (Shiroli Bridge),530.90,0.00,2026-06-16 09:15:00.000,0.00,0.00,0.00,0.00,1,16.71194444,74.27222222
2026-06-16 04:19:41,2007,Ichalkaranji,527.95,0.00,2026-06-15 07:15:00.000,0.00,0.00,0.00,0.00,1,16.66555556,74.47611111
2026-06-16 09:39:25,2004,Nitawade,537.96,0.00,2025-10-31 18:00:00.000,0.00,0.00,0.00,0.00,1,16.74583333,74.14305556
2026-06-16 09:39:25,2005,Balinga,534.55,0.00,2026-06-16 14:45:00.000,0.00,0.00,0.00,0.00,1,16.69166667,74.16527778
2026-06-16 09:39:25,2006,Wadange (Shiroli Bridge),530.84,0.00,2026-06-16 14:45:00.000,0.00,0.00,0.00,0.00,1,16.71194444,74.27222222
2026-06-16 09:39:25,2007,Ichalkaranji,527.90,0.00,2026-06-16 14:45:00.000,0.00,0.00,0.00,0.00,1,16.66555556,74.47611111
2026-06-16 14:34:01,2004,Nitawade,537.96,0.00,2025-10-31 18:00:00.000,0.00,0.00,0.00,0.00,1,16.74583333,74.14305556
2026-06-16 14:34:01,2005,Balinga,534.13,0.00,2026-06-16 19:45:00.000,0.00,0.00,0.00,0.00,1,16.69166667,74.16527778
2026-06-16 14:34:01,2006,Wadange (Shiroli Bridge),530.88,0.00,2026-06-16 19:45:00.000,0.00,0.00,0.00,0.00,1,16.71194444,74.27222222
2026-06-16 14:34:01,2007,Ichalkaranji,527.91,0.00,2026-06-16 19:45:00.000,0.00,0.00,0.00,0.00,1,16.66555556,74.47611111
2026-06-16 18:46:55,2004,Nitawade,537.96,0.00,2025-10-31 18:00:00.000,0.00,0.00,0.00,0.00,1,16.74583333,74.14305556
2026-06-16 18:46:55,2005,Balinga,534.03,0.00,2026-06-16 23:45:00.000,0.00,0.00,0.00,0.00,1,16.69166667,74.16527778
2026-06-16 18:46:55,2006,Wadange (Shiroli Bridge),530.92,0.00,2026-06-17 00:00:00.000,0.00,0.00,0.00,0.00,1,16.71194444,74.27222222
2026-06-16 18:46:55,2007,Ichalkaranji,527.95,0.00,2026-06-17 00:00:00.000,0.00,0.00,0.00,0.00,1,16.66555556,74.47611111
2026-06-16 21:38:10,2004,Nitawade,537.96,0.00,2025-10-31 18:00:00.000,0.00,0.00,0.00,0.00,1,16.74583333,74.14305556
2026-06-16 21:38:10,2005,Balinga,533.97,0.00,2026-06-17 02:45:00.000,0.00,0.00,0.00,0.00,1,16.69166667,74.16527778
2026-06-16 21:38:10,2006,Wadange (Shiroli Bridge),530.93,0.00,2026-06-17 02:45:00.000,0.00,0.00,0.00,0.00,1,16.71194444,74.27222222
2026-06-16 21:38:10,2007,Ichalkaranji,527.96,0.00,2026-06-17 02:45:00.000,0.00,0.00,0.00,0.00,1,16.66555556,74.47611111
2026-06-16 23:08:39,2004,Nitawade,537.96,0.00,2025-10-31 18:00:00.000,0.00,0.00,0.00,0.00,1,16.74583333,74.14305556
2026-06-16 23:08:39,2005,Balinga,534.00,0.00,2026-06-17 04:15:00.000,0.00,0.00,0.00,0.00,1,16.69166667,74.16527778
2026-06-16 23:08:39,2006,Wadange (Shiroli Bridge),530.93,0.00,2026-06-17 04:15:00.000,0.00,0.00,0.00,0.00,1,16.71194444,74.27222222
2026-06-16 23:08:39,2007,Ichalkaranji,527.97,0.00,2026-06-17 04:15:00.000,0.00,0.00,0.00,0.00,1,16.66555556,74.47611111
2026-06-17 01:39:55,2004,Nitawade,537.96,0.00,2025-10-31 18:00:00.000,0.00,0.00,0.00,0.00,1,16.74583333,74.14305556
2026-06-17 01:39:55,2005,Balinga,534.13,0.00,2026-06-17 06:45:00.000,0.00,0.00,0.00,0.00,1,16.69166667,74.16527778
2026-06-17 01:39:55,2006,Wadange (Shiroli Bridge),530.89,0.00,2026-06-17 06:45:00.000,0.00,0.00,0.00,0.00,1,16.71194444,74.27222222
2026-06-17 01:39:55,2007,Ichalkaranji,527.97,0.00,2026-06-17 06:45:00.000,0.00,0.00,0.00,0.00,1,16.66555556,74.47611111
2026-06-17 06:49:20,2004,Nitawade,537.96,0.00,2025-10-31 18:00:00.000,0.00,0.00,0.00,0.00,1,16.74583333,74.14305556
2026-06-17 06:49:20,2005,Balinga,534.38,0.00,2026-06-17 10:45:00.000,0.00,0.00,0.00,0.00,1,16.69166667,74.16527778
2026-06-17 06:49:20,2006,Wadange (Shiroli Bridge),530.80,0.00,2026-06-17 11:00:00.000,0.00,0.00,0.00,0.00,1,16.71194444,74.27222222
2026-06-17 06:49:20,2007,Ichalkaranji,527.93,0.00,2026-06-17 11:00:00.000,0.00,0.00,0.00,0.00,1,16.66555556,74.47611111
2026-06-17 11:26:33,2004,Nitawade,537.96,0.00,2025-10-31 18:00:00.000,0.00,0.00,0.00,0.00,1,16.74583333,74.14305556
2026-06-17 11:26:33,2005,Balinga,534.49,0.00,2026-06-17 16:45:00.000,0.00,0.00,0.00,0.00,1,16.69166667,74.16527778
2026-06-17 11:26:33,2006,Wadange (Shiroli Bridge),530.77,0.00,2026-06-17 16:15:00.000,0.00,0.00,0.00,0.00,1,16.71194444,74.27222222
2026-06-17 11:26:33,2007,Ichalkaranji,527.93,0.00,2026-06-17 16:45:00.000,0.00,0.00,0.00,0.00,1,16.66555556,74.47611111
2026-06-17 14:32:44,2004,Nitawade,537.96,0.00,2025-10-31 18:00:00.000,0.00,0.00,0.00,0.00,1,16.74583333,74.14305556
2026-06-17 14:32:44,2005,Balinga,534.50,0.00,2026-06-17 19:45:00.000,0.00,0.00,0.00,0.00,1,16.69166667,74.16527778
2026-06-17 14:32:44,2006,Wadange (Shiroli Bridge),530.79,0.00,2026-06-17 19:30:00.000,0.00,0.00,0.00,0.00,1,16.71194444,74.27222222
2026-06-17 14:32:44,2007,Ichalkaranji,527.96,0.00,2026-06-17 19:45:00.000,0.00,0.00,0.00,0.00,1,16.66555556,74.47611111
2026-06-17 17:36:50,2004,Nitawade,537.96,0.00,2025-10-31 18:00:00.000,0.00,0.00,0.00,0.00,1,16.74583333,74.14305556
2026-06-17 17:36:50,2005,Balinga,534.57,0.00,2026-06-17 22:45:00.000,0.00,0.00,0.00,0.00,1,16.69166667,74.16527778
2026-06-17 17:36:50,2006,Wadange (Shiroli Bridge),530.81,0.00,2026-06-17 22:45:00.000,0.00,0.00,0.00,0.00,1,16.71194444,74.27222222
2026-06-17 17:36:50,2007,Ichalkaranji,527.98,0.00,2026-06-17 22:45:00.000,0.00,0.00,0.00,0.00,1,16.66555556,74.47611111
2026-06-17 19:48:46,2004,Nitawade,537.96,0.00,2025-10-31 18:00:00.000,0.00,0.00,0.00,0.00,1,16.74583333,74.14305556
2026-06-17 19:48:46,2005,Balinga,534.63,0.00,2026-06-18 01:00:00.000,0.00,0.00,0.00,0.00,1,16.69166667,74.16527778
2026-06-17 19:48:46,2006,Wadange (Shiroli Bridge),530.84,0.00,2026-06-18 01:00:00.000,0.00,0.00,0.00,0.00,1,16.71194444,74.27222222
2026-06-17 19:48:46,2007,Ichalkaranji,528.01,0.00,2026-06-18 01:00:00.000,0.00,0.00,0.00,0.00,1,16.66555556,74.47611111
2026-06-17 21:51:29,2004,Nitawade,537.96,0.00,2025-10-31 18:00:00.000,0.00,0.00,0.00,0.00,1,16.74583333,74.14305556
2026-06-17 21:51:29,2005,Balinga,534.71,0.00,2026-06-18 03:00:00.000,0.00,0.00,0.00,0.00,1,16.69166667,74.16527778
2026-06-17 21:51:29,2006,Wadange (Shiroli Bridge),530.85,0.00,2026-06-18 03:00:00.000,0.00,0.00,0.00,0.00,1,16.71194444,74.27222222
2026-06-17 21:51:29,2007,Ichalkaranji,528.02,0.00,2026-06-18 03:00:00.000,0.00,0.00,0.00,0.00,1,16.66555556,74.47611111
2026-06-17 23:14:48,2004,Nitawade,537.96,0.00,2025-10-31 18:00:00.000,0.00,0.00,0.00,0.00,1,16.74583333,74.14305556
2026-06-17 23:14:48,2005,Balinga,534.76,0.00,2026-06-18 04:30:00.000,0.00,0.00,0.00,0.00,1,16.69166667,74.16527778
2026-06-17 23:14:48,2006,Wadange (Shiroli Bridge),530.85,0.00,2026-06-18 04:30:00.000,0.00,0.00,0.00,0.00,1,16.71194444,74.27222222
2026-06-17 23:14:48,2007,Ichalkaranji,528.03,0.00,2026-06-18 04:30:00.000,0.00,0.00,0.00,0.00,1,16.66555556,74.47611111
2026-06-18 01:42:38,2004,Nitawade,537.96,0.00,2025-10-31 18:00:00.000,0.00,0.00,0.00,0.00,1,16.74583333,74.14305556
2026-06-18 01:42:38,2005,Balinga,534.85,0.00,2026-06-18 06:45:00.000,0.00,0.00,0.00,0.00,1,16.69166667,74.16527778
2026-06-18 01:42:38,2006,Wadange (Shiroli Bridge),530.86,0.00,2026-06-18 06:45:00.000,0.00,0.00,0.00,0.00,1,16.71194444,74.27222222
2026-06-18 01:42:38,2007,Ichalkaranji,528.03,0.00,2026-06-18 06:45:00.000,0.00,0.00,0.00,0.00,1,16.66555556,74.47611111
2026-06-18 06:27:12,2004,Nitawade,537.96,0.00,2025-10-31 18:00:00.000,0.00,0.00,0.00,0.00,1,16.74583333,74.14305556
2026-06-18 06:27:12,2005,Balinga,535.03,0.00,2026-06-18 11:45:00.000,0.00,0.00,0.00,0.00,1,16.69166667,74.16527778
2026-06-18 06:27:12,2006,Wadange (Shiroli Bridge),530.81,0.00,2026-06-18 11:45:00.000,0.00,0.00,0.00,0.00,1,16.71194444,74.27222222
2026-06-18 06:27:12,2007,Ichalkaranji,528.01,0.00,2026-06-18 11:45:00.000,0.00,0.00,0.00,0.00,1,16.66555556,74.47611111
2026-06-18 10:52:32,2004,Nitawade,537.96,0.00,2025-10-31 18:00:00.000,0.00,0.00,0.00,0.00,1,16.74583333,74.14305556
2026-06-18 10:52:32,2005,Balinga,535.16,0.00,2026-06-18 16:00:00.000,0.00,0.00,0.00,0.00,1,16.69166667,74.16527778
2026-06-18 10:52:32,2006,Wadange (Shiroli Bridge),530.81,0.00,2026-06-18 16:00:00.000,0.00,0.00,0.00,0.00,1,16.71194444,74.27222222
2026-06-18 10:52:32,2007,Ichalkaranji,528.00,0.00,2026-06-18 15:45:00.000,0.00,0.00,0.00,0.00,1,16.66555556,74.47611111
2026-06-18 13:55:38,2004,Nitawade,537.96,0.00,2025-10-31 18:00:00.000,0.00,0.00,0.00,0.00,1,16.74583333,74.14305556
2026-06-18 13:55:38,2005,Balinga,535.27,0.00,2026-06-18 19:00:00.000,0.00,0.00,0.00,0.00,1,16.69166667,74.16527778
2026-06-18 13:55:38,2006,Wadange (Shiroli Bridge),530.84,0.00,2026-06-18 19:00:00.000,0.00,0.00,0.00,0.00,1,16.71194444,74.27222222
2026-06-18 13:55:38,2007,Ichalkaranji,528.01,0.00,2026-06-18 19:00:00.000,0.00,0.00,0.00,0.00,1,16.66555556,74.47611111
2026-06-18 16:49:55,2004,Nitawade,537.96,0.00,2025-10-31 18:00:00.000,0.00,0.00,0.00,0.00,1,16.74583333,74.14305556
2026-06-18 16:49:55,2005,Balinga,535.36,0.00,2026-06-18 22:00:00.000,0.00,0.00,0.00,0.00,1,16.69166667,74.16527778
2026-06-18 16:49:55,2006,Wadange (Shiroli Bridge),530.86,0.00,2026-06-18 22:00:00.000,0.00,0.00,0.00,0.00,1,16.71194444,74.27222222
2026-06-18 16:49:55,2007,Ichalkaranji,528.04,0.00,2026-06-18 22:00:00.000,0.00,0.00,0.00,0.00,1,16.66555556,74.47611111
2026-06-18 19:15:23,2004,Nitawade,537.96,0.00,2025-10-31 18:00:00.000,0.00,0.00,0.00,0.00,1,16.74583333,74.14305556
2026-06-18 19:15:23,2005,Balinga,535.43,0.00,2026-06-19 00:30:00.000,0.00,0.00,0.00,0.00,1,16.69166667,74.16527778
2026-06-18 19:15:23,2006,Wadange (Shiroli Bridge),530.90,0.00,2026-06-19 00:15:00.000,0.00,0.00,0.00,0.00,1,16.71194444,74.27222222
2026-06-18 19:15:23,2007,Ichalkaranji,528.07,0.00,2026-06-19 00:30:00.000,0.00,0.00,0.00,0.00,1,16.66555556,74.47611111
2026-06-18 21:29:25,2004,Nitawade,537.96,0.00,2025-10-31 18:00:00.000,0.00,0.00,0.00,0.00,1,16.74583333,74.14305556
2026-06-18 21:29:25,2005,Balinga,535.49,0.00,2026-06-19 02:45:00.000,0.00,0.00,0.00,0.00,1,16.69166667,74.16527778
2026-06-18 21:29:25,2006,Wadange (Shiroli Bridge),530.90,0.00,2026-06-19 02:45:00.000,0.00,0.00,0.00,0.00,1,16.71194444,74.27222222
2026-06-18 21:29:25,2007,Ichalkaranji,528.08,0.00,2026-06-19 02:45:00.000,0.00,0.00,0.00,0.00,1,16.66555556,74.47611111
2026-06-18 23:18:04,2004,Nitawade,537.96,0.00,2025-10-31 18:00:00.000,0.00,0.00,0.00,0.00,1,16.74583333,74.14305556
2026-06-18 23:18:04,2005,Balinga,535.53,0.00,2026-06-19 04:30:00.000,0.00,0.00,0.00,0.00,1,16.69166667,74.16527778
2026-06-18 23:18:04,2006,Wadange (Shiroli Bridge),530.92,0.00,2026-06-19 04:15:00.000,0.00,0.00,0.00,0.00,1,16.71194444,74.27222222
2026-06-18 23:18:04,2007,Ichalkaranji,528.09,0.00,2026-06-19 04:30:00.000,0.00,0.00,0.00,0.00,1,16.66555556,74.47611111
2026-06-19 02:11:07,2004,Nitawade,537.96,0.00,2025-10-31 18:00:00.000,0.00,0.00,0.00,0.00,1,16.74583333,74.14305556
2026-06-19 02:11:07,2005,Balinga,535.58,0.00,2026-06-19 07:30:00.000,0.00,0.00,0.00,0.00,1,16.69166667,74.16527778
2026-06-19 02:11:07,2006,Wadange (Shiroli Bridge),530.93,0.00,2026-06-19 07:30:00.000,0.00,0.00,0.00,0.00,1,16.71194444,74.27222222
2026-06-19 02:11:07,2007,Ichalkaranji,528.10,0.00,2026-06-19 07:30:00.000,0.00,0.00,0.00,0.00,1,16.66555556,74.47611111
2026-06-19 07:24:46,2004,Nitawade,537.96,0.00,2025-10-31 18:00:00.000,0.00,0.00,0.00,0.00,1,16.74583333,74.14305556
2026-06-19 07:24:46,2005,Balinga,535.62,0.00,2026-06-19 12:15:00.000,0.00,0.00,0.00,0.00,1,16.69166667,74.16527778
2026-06-19 07:24:46,2006,Wadange (Shiroli Bridge),530.90,0.00,2026-06-19 12:30:00.000,0.00,0.00,0.00,0.00,1,16.71194444,74.27222222
2026-06-19 07:24:46,2007,Ichalkaranji,528.10,0.00,2026-06-19 12:30:00.000,0.00,0.00,0.00,0.00,1,16.66555556,74.47611111
2026-06-19 11:45:19,2004,Nitawade,537.96,0.00,2025-10-31 18:00:00.000,0.00,0.00,0.00,0.00,1,16.74583333,74.14305556
2026-06-19 11:45:19,2005,Balinga,535.66,0.00,2026-06-19 17:00:00.000,0.00,0.00,0.00,0.00,1,16.69166667,74.16527778
2026-06-19 11:45:19,2006,Wadange (Shiroli Bridge),530.87,0.00,2026-06-19 16:45:00.000,0.00,0.00,0.00,0.00,1,16.71194444,74.27222222
2026-06-19 11:45:19,2007,Ichalkaranji,528.12,0.00,2026-06-19 17:00:00.000,0.00,0.00,0.00,0.00,1,16.66555556,74.47611111
2026-06-19 14:29:41,2004,Nitawade,537.96,0.00,2025-10-31 18:00:00.000,0.00,0.00,0.00,0.00,1,16.74583333,74.14305556
2026-06-19 14:29:41,2005,Balinga,535.68,0.00,2026-06-19 19:45:00.000,0.00,0.00,0.00,0.00,1,16.69166667,74.16527778
2026-06-19 14:29:41,2006,Wadange (Shiroli Bridge),530.91,0.00,2026-06-19 19:45:00.000,0.00,0.00,0.00,0.00,1,16.71194444,74.27222222
2026-06-19 14:29:41,2007,Ichalkaranji,528.16,0.00,2026-06-19 19:45:00.000,0.00,0.00,0.00,0.00,1,16.66555556,74.47611111
2026-06-19 16:58:22,2004,Nitawade,537.96,0.00,2025-10-31 18:00:00.000,0.00,0.00,0.00,0.00,1,16.74583333,74.14305556
2026-06-19 16:58:22,2005,Balinga,535.71,0.00,2026-06-19 22:15:00.000,0.00,0.00,0.00,0.00,1,16.69166667,74.16527778
2026-06-19 16:58:22,2006,Wadange (Shiroli Bridge),530.94,0.00,2026-06-19 22:15:00.000,0.00,0.00,0.00,0.00,1,16.71194444,74.27222222
2026-06-19 16:58:22,2007,Ichalkaranji,528.17,0.00,2026-06-19 22:15:00.000,0.00,0.00,0.00,0.00,1,16.66555556,74.47611111
2026-06-19 18:52:16,2004,Nitawade,537.96,0.00,2025-10-31 18:00:00.000,0.00,0.00,0.00,0.00,1,16.74583333,74.14305556
2026-06-19 18:52:16,2005,Balinga,535.71,0.00,2026-06-20 00:00:00.000,0.00,0.00,0.00,0.00,1,16.69166667,74.16527778
2026-06-19 18:52:16,2006,Wadange (Shiroli Bridge),530.95,0.00,2026-06-19 23:30:00.000,0.00,0.00,0.00,0.00,1,16.71194444,74.27222222
2026-06-19 18:52:16,2007,Ichalkaranji,528.20,0.00,2026-06-20 00:00:00.000,0.00,0.00,0.00,0.00,1,16.66555556,74.47611111
2026-06-19 20:23:36,2004,Nitawade,537.96,0.00,2025-10-31 18:00:00.000,0.00,0.00,0.00,0.00,1,16.74583333,74.14305556
2026-06-19 20:23:36,2005,Balinga,535.72,0.00,2026-06-20 01:15:00.000,0.00,0.00,0.00,0.00,1,16.69166667,74.16527778
2026-06-19 20:23:36,2006,Wadange (Shiroli Bridge),530.98,0.00,2026-06-20 01:30:00.000,0.00,0.00,0.00,0.00,1,16.71194444,74.27222222
2026-06-19 20:23:36,2007,Ichalkaranji,528.21,0.00,2026-06-20 01:30:00.000,0.00,0.00,0.00,0.00,1,16.66555556,74.47611111
2026-06-19 21:40:47,2004,Nitawade,537.96,0.00,2025-10-31 18:00:00.000,0.00,0.00,0.00,0.00,1,16.74583333,74.14305556
2026-06-19 21:40:47,2005,Balinga,535.73,0.00,2026-06-20 02:45:00.000,0.00,0.00,0.00,0.00,1,16.69166667,74.16527778
2026-06-19 21:40:47,2006,Wadange (Shiroli Bridge),530.98,0.00,2026-06-20 02:30:00.000,0.00,0.00,0.00,0.00,1,16.71194444,74.27222222
2026-06-19 21:40:47,2007,Ichalkaranji,528.22,0.00,2026-06-20 02:45:00.000,0.00,0.00,0.00,0.00,1,16.66555556,74.47611111
2026-06-19 22:35:41,2004,Nitawade,537.96,0.00,2025-10-31 18:00:00.000,0.00,0.00,0.00,0.00,1,16.74583333,74.14305556
2026-06-19 22:35:41,2005,Balinga,535.73,0.00,2026-06-20 03:45:00.000,0.00,0.00,0.00,0.00,1,16.69166667,74.16527778
2026-06-19 22:35:41,2006,Wadange (Shiroli Bridge),530.99,0.00,2026-06-20 03:45:00.000,0.00,0.00,0.00,0.00,1,16.71194444,74.27222222
2026-06-19 22:35:41,2007,Ichalkaranji,528.23,0.00,2026-06-20 03:45:00.000,0.00,0.00,0.00,0.00,1,16.66555556,74.47611111
2026-06-19 23:45:29,2004,Nitawade,537.96,0.00,2025-10-31 18:00:00.000,0.00,0.00,0.00,0.00,1,16.74583333,74.14305556
2026-06-19 23:45:29,2005,Balinga,535.74,0.00,2026-06-20 04:45:00.000,0.00,0.00,0.00,0.00,1,16.69166667,74.16527778
2026-06-19 23:45:29,2006,Wadange (Shiroli Bridge),530.99,0.00,2026-06-20 05:00:00.000,0.00,0.00,0.00,0.00,1,16.71194444,74.27222222
2026-06-19 23:45:29,2007,Ichalkaranji,528.23,0.00,2026-06-20 05:00:00.000,0.00,0.00,0.00,0.00,1,16.66555556,74.47611111
2026-06-20 01:52:39,2004,Nitawade,537.96,0.00,2025-10-31 18:00:00.000,0.00,0.00,0.00,0.00,1,16.74583333,74.14305556
2026-06-20 01:52:39,2005,Balinga,535.74,0.00,2026-06-20 07:00:00.000,0.00,0.00,0.00,0.00,1,16.69166667,74.16527778
2026-06-20 01:52:39,2006,Wadange (Shiroli Bridge),530.99,0.00,2026-06-20 07:00:00.000,0.00,0.00,0.00,0.00,1,16.71194444,74.27222222
2026-06-20 01:52:39,2007,Ichalkaranji,528.25,0.00,2026-06-20 07:00:00.000,0.00,0.00,0.00,0.00,1,16.66555556,74.47611111
2026-06-20 06:08:37,2004,Nitawade,537.96,0.00,2025-10-31 18:00:00.000,0.00,0.00,0.00,0.00,1,16.74583333,74.14305556
2026-06-20 06:08:37,2005,Balinga,535.61,0.00,2026-06-20 11:15:00.000,0.00,0.00,0.00,0.00,1,16.69166667,74.16527778
2026-06-20 06:08:37,2006,Wadange (Shiroli Bridge),530.87,0.00,2026-06-20 11:15:00.000,0.00,0.00,0.00,0.00,1,16.71194444,74.27222222
2026-06-20 06:08:37,2007,Ichalkaranji,528.17,0.00,2026-06-20 11:15:00.000,0.00,0.00,0.00,0.00,1,16.66555556,74.47611111
2026-06-20 09:36:44,2004,Nitawade,537.96,0.00,2025-10-31 18:00:00.000,0.00,0.00,0.00,0.00,1,16.74583333,74.14305556
2026-06-20 09:36:44,2005,Balinga,535.45,0.00,2026-06-20 14:45:00.000,0.00,0.00,0.00,0.00,1,16.69166667,74.16527778
2026-06-20 09:36:44,2006,Wadange (Shiroli Bridge),530.78,0.00,2026-06-20 14:45:00.000,0.00,0.00,0.00,0.00,1,16.71194444,74.27222222
2026-06-20 09:36:44,2007,Ichalkaranji,528.06,0.00,2026-06-20 14:45:00.000,0.00,0.00,0.00,0.00,1,16.66555556,74.47611111
2026-06-20 11:33:31,2004,Nitawade,537.96,0.00,2025-10-31 18:00:00.000,0.00,0.00,0.00,0.00,1,16.74583333,74.14305556
2026-06-20 11:33:31,2005,Balinga,535.33,0.00,2026-06-20 16:45:00.000,0.00,0.00,0.00,0.00,1,16.69166667,74.16527778
2026-06-20 11:33:31,2006,Wadange (Shiroli Bridge),530.74,0.00,2026-06-20 16:45:00.000,0.00,0.00,0.00,0.00,1,16.71194444,74.27222222
2026-06-20 11:33:31,2007,Ichalkaranji,528.00,0.00,2026-06-20 16:45:00.000,0.00,0.00,0.00,0.00,1,16.66555556,74.47611111
2026-06-20 13:11:59,2004,Nitawade,537.96,0.00,2025-10-31 18:00:00.000,0.00,0.00,0.00,0.00,1,16.74583333,74.14305556
2026-06-20 13:11:59,2005,Balinga,535.30,0.00,2026-06-20 18:30:00.000,0.00,0.00,0.00,0.00,1,16.69166667,74.16527778
2026-06-20 13:11:59,2006,Wadange (Shiroli Bridge),530.74,0.00,2026-06-20 18:15:00.000,0.00,0.00,0.00,0.00,1,16.71194444,74.27222222
2026-06-20 13:11:59,2007,Ichalkaranji,527.98,0.00,2026-06-20 18:30:00.000,0.00,0.00,0.00,0.00,1,16.66555556,74.47611111
2026-06-20 15:12:28,2004,Nitawade,537.96,0.00,2025-10-31 18:00:00.000,0.00,0.00,0.00,0.00,1,16.74583333,74.14305556
2026-06-20 15:12:28,2005,Balinga,535.28,0.00,2026-06-20 20:30:00.000,0.00,0.00,0.00,0.00,1,16.69166667,74.16527778
2026-06-20 15:12:28,2006,Wadange (Shiroli Bridge),530.77,0.00,2026-06-20 20:30:00.000,0.00,0.00,0.00,0.00,1,16.71194444,74.27222222
2026-06-20 15:12:28,2007,Ichalkaranji,528.00,0.00,2026-06-20 20:30:00.000,0.00,0.00,0.00,0.00,1,16.66555556,74.47611111
2026-06-20 16:48:04,2004,Nitawade,537.96,0.00,2025-10-31 18:00:00.000,0.00,0.00,0.00,0.00,1,16.74583333,74.14305556
2026-06-20 16:48:04,2005,Balinga,535.27,0.00,2026-06-20 21:45:00.000,0.00,0.00,0.00,0.00,1,16.69166667,74.16527778
2026-06-20 16:48:04,2006,Wadange (Shiroli Bridge),530.77,0.00,2026-06-20 21:45:00.000,0.00,0.00,0.00,0.00,1,16.71194444,74.27222222
2026-06-20 16:48:04,2007,Ichalkaranji,528.00,0.00,2026-06-20 22:00:00.000,0.00,0.00,0.00,0.00,1,16.66555556,74.47611111
2026-06-20 18:03:50,2004,Nitawade,537.96,0.00,2025-10-31 18:00:00.000,0.00,0.00,0.00,0.00,1,16.74583333,74.14305556
2026-06-20 18:03:50,2005,Balinga,535.25,0.00,2026-06-20 23:15:00.000,0.00,0.00,0.00,0.00,1,16.69166667,74.16527778
2026-06-20 18:03:50,2006,Wadange (Shiroli Bridge),530.78,0.00,2026-06-20 23:15:00.000,0.00,0.00,0.00,0.00,1,16.71194444,74.27222222
2026-06-20 18:03:50,2007,Ichalkaranji,527.99,0.00,2026-06-20 23:15:00.000,0.00,0.00,0.00,0.00,1,16.66555556,74.47611111
2026-06-20 19:54:15,2004,Nitawade,537.96,0.00,2025-10-31 18:00:00.000,0.00,0.00,0.00,0.00,1,16.74583333,74.14305556
2026-06-20 19:54:15,2005,Balinga,535.23,0.00,2026-06-21 01:00:00.000,0.00,0.00,0.00,0.00,1,16.69166667,74.16527778
2026-06-20 19:54:15,2006,Wadange (Shiroli Bridge),530.78,0.00,2026-06-21 00:45:00.000,0.00,0.00,0.00,0.00,1,16.71194444,74.27222222
2026-06-20 19:54:15,2007,Ichalkaranji,527.99,0.00,2026-06-21 01:00:00.000,0.00,0.00,0.00,0.00,1,16.66555556,74.47611111
2026-06-20 21:01:55,2004,Nitawade,537.96,0.00,2025-10-31 18:00:00.000,0.00,0.00,0.00,0.00,1,16.74583333,74.14305556
2026-06-20 21:01:55,2005,Balinga,535.22,0.00,2026-06-21 02:15:00.000,0.00,0.00,0.00,0.00,1,16.69166667,74.16527778
2026-06-20 21:01:55,2006,Wadange (Shiroli Bridge),530.82,0.00,2026-06-21 02:15:00.000,0.00,0.00,0.00,0.00,1,16.71194444,74.27222222
2026-06-20 21:01:55,2007,Ichalkaranji,527.99,0.00,2026-06-21 02:15:00.000,0.00,0.00,0.00,0.00,1,16.66555556,74.47611111
2026-06-20 22:21:10,2004,Nitawade,537.96,0.00,2025-10-31 18:00:00.000,0.00,0.00,0.00,0.00,1,16.74583333,74.14305556
2026-06-20 22:21:10,2005,Balinga,535.21,0.00,2026-06-21 03:30:00.000,0.00,0.00,0.00,0.00,1,16.69166667,74.16527778
2026-06-20 22:21:10,2006,Wadange (Shiroli Bridge),530.83,0.00,2026-06-21 03:30:00.000,0.00,0.00,0.00,0.00,1,16.71194444,74.27222222
2026-06-20 22:21:10,2007,Ichalkaranji,527.97,0.00,2026-06-21 03:30:00.000,0.00,0.00,0.00,0.00,1,16.66555556,74.47611111
2026-06-20 23:40:53,2004,Nitawade,537.96,0.00,2025-10-31 18:00:00.000,0.00,0.00,0.00,0.00,1,16.74583333,74.14305556
2026-06-20 23:40:53,2005,Balinga,535.21,0.00,2026-06-21 04:45:00.000,0.00,0.00,0.00,0.00,1,16.69166667,74.16527778
2026-06-20 23:40:53,2006,Wadange (Shiroli Bridge),530.83,0.00,2026-06-21 04:45:00.000,0.00,0.00,0.00,0.00,1,16.71194444,74.27222222
2026-06-20 23:40:53,2007,Ichalkaranji,527.97,0.00,2026-06-21 04:45:00.000,0.00,0.00,0.00,0.00,1,16.66555556,74.47611111
2026-06-21 02:04:11,2004,Nitawade,537.96,0.00,2025-10-31 18:00:00.000,0.00,0.00,0.00,0.00,1,16.74583333,74.14305556
2026-06-21 02:04:11,2005,Balinga,535.19,0.00,2026-06-21 07:15:00.000,0.00,0.00,0.00,0.00,1,16.69166667,74.16527778
2026-06-21 02:04:11,2006,Wadange (Shiroli Bridge),530.84,0.00,2026-06-21 07:15:00.000,0.00,0.00,0.00,0.00,1,16.71194444,74.27222222
2026-06-21 02:04:11,2007,Ichalkaranji,527.95,0.00,2026-06-21 07:15:00.000,0.00,0.00,0.00,0.00,1,16.66555556,74.47611111
2026-06-21 07:04:31,2004,Nitawade,537.96,0.00,2025-10-31 18:00:00.000,0.00,0.00,0.00,0.00,1,16.74583333,74.14305556
2026-06-21 07:04:31,2005,Balinga,535.07,0.00,2026-06-21 12:00:00.000,0.00,0.00,0.00,0.00,1,16.69166667,74.16527778
2026-06-21 07:04:31,2006,Wadange (Shiroli Bridge),530.78,0.00,2026-06-21 12:15:00.000,0.00,0.00,0.00,0.00,1,16.71194444,74.27222222
2026-06-21 07:04:31,2007,Ichalkaranji,527.78,0.00,2026-06-21 12:15:00.000,0.00,0.00,0.00,0.00,1,16.66555556,74.47611111
2026-06-21 10:43:05,2004,Nitawade,537.96,0.00,2025-10-31 18:00:00.000,0.00,0.00,0.00,0.00,1,16.74583333,74.14305556
2026-06-21 10:43:05,2005,Balinga,534.91,0.00,2026-06-21 15:45:00.000,0.00,0.00,0.00,0.00,1,16.69166667,74.16527778
2026-06-21 10:43:05,2006,Wadange (Shiroli Bridge),530.71,0.00,2026-06-21 15:45:00.000,0.00,0.00,0.00,0.00,1,16.71194444,74.27222222
2026-06-21 10:43:05,2007,Ichalkaranji,527.64,0.00,2026-06-21 16:00:00.000,0.00,0.00,0.00,0.00,1,16.66555556,74.47611111
2026-06-21 12:29:39,2004,Nitawade,537.96,0.00,2025-10-31 18:00:00.000,0.00,0.00,0.00,0.00,1,16.74583333,74.14305556
2026-06-21 12:29:39,2005,Balinga,534.87,0.00,2026-06-21 17:45:00.000,0.00,0.00,0.00,0.00,1,16.69166667,74.16527778
2026-06-21 12:29:39,2006,Wadange (Shiroli Bridge),530.71,0.00,2026-06-21 17:30:00.000,0.00,0.00,0.00,0.00,1,16.71194444,74.27222222
2026-06-21 12:29:39,2007,Ichalkaranji,527.58,0.00,2026-06-21 17:45:00.000,0.00,0.00,0.00,0.00,1,16.66555556,74.47611111
2026-06-21 14:41:29,2004,Nitawade,537.96,0.00,2025-10-31 18:00:00.000,0.00,0.00,0.00,0.00,1,16.74583333,74.14305556
2026-06-21 14:41:29,2005,Balinga,534.87,0.00,2026-06-21 19:45:00.000,0.00,0.00,0.00,0.00,1,16.69166667,74.16527778
2026-06-21 14:41:29,2006,Wadange (Shiroli Bridge),530.75,0.00,2026-06-21 19:45:00.000,0.00,0.00,0.00,0.00,1,16.71194444,74.27222222
2026-06-21 14:41:29,2007,Ichalkaranji,527.59,0.00,2026-06-21 19:45:00.000,0.00,0.00,0.00,0.00,1,16.66555556,74.47611111
2026-06-21 16:20:25,2004,Nitawade,537.96,0.00,2025-10-31 18:00:00.000,0.00,0.00,0.00,0.00,1,16.74583333,74.14305556
2026-06-21 16:20:25,2005,Balinga,534.87,0.00,2026-06-21 21:30:00.000,0.00,0.00,0.00,0.00,1,16.69166667,74.16527778
2026-06-21 16:20:25,2006,Wadange (Shiroli Bridge),530.77,0.00,2026-06-21 21:15:00.000,0.00,0.00,0.00,0.00,1,16.71194444,74.27222222
2026-06-21 16:20:25,2007,Ichalkaranji,527.59,0.00,2026-06-21 21:30:00.000,0.00,0.00,0.00,0.00,1,16.66555556,74.47611111
2026-06-21 18:00:19,2004,Nitawade,537.96,0.00,2025-10-31 18:00:00.000,0.00,0.00,0.00,0.00,1,16.74583333,74.14305556
2026-06-21 18:00:19,2005,Balinga,534.89,0.00,2026-06-21 23:15:00.000,0.00,0.00,0.00,0.00,1,16.69166667,74.16527778
2026-06-21 18:00:19,2006,Wadange (Shiroli Bridge),530.80,0.00,2026-06-21 23:15:00.000,0.00,0.00,0.00,0.00,1,16.71194444,74.27222222
2026-06-21 18:00:19,2007,Ichalkaranji,527.59,0.00,2026-06-21 23:15:00.000,0.00,0.00,0.00,0.00,1,16.66555556,74.47611111
2026-06-21 19:43:01,2004,Nitawade,537.96,0.00,2025-10-31 18:00:00.000,0.00,0.00,0.00,0.00,1,16.74583333,74.14305556
2026-06-21 19:43:01,2005,Balinga,534.91,0.00,2026-06-22 00:45:00.000,0.00,0.00,0.00,0.00,1,16.69166667,74.16527778
2026-06-21 19:43:01,2006,Wadange (Shiroli Bridge),530.82,0.00,2026-06-22 01:00:00.000,0.00,0.00,0.00,0.00,1,16.71194444,74.27222222
2026-06-21 19:43:01,2007,Ichalkaranji,527.57,0.00,2026-06-22 01:00:00.000,0.00,0.00,0.00,0.00,1,16.66555556,74.47611111
2026-06-21 20:58:17,2004,Nitawade,537.96,0.00,2025-10-31 18:00:00.000,0.00,0.00,0.00,0.00,1,16.74583333,74.14305556
2026-06-21 20:58:17,2005,Balinga,534.94,0.00,2026-06-22 02:15:00.000,0.00,0.00,0.00,0.00,1,16.69166667,74.16527778
2026-06-21 20:58:17,2006,Wadange (Shiroli Bridge),530.83,0.00,2026-06-22 02:15:00.000,0.00,0.00,0.00,0.00,1,16.71194444,74.27222222
2026-06-21 20:58:17,2007,Ichalkaranji,527.57,0.00,2026-06-22 02:15:00.000,0.00,0.00,0.00,0.00,1,16.66555556,74.47611111
2026-06-21 22:10:23,2004,Nitawade,537.96,0.00,2025-10-31 18:00:00.000,0.00,0.00,0.00,0.00,1,16.74583333,74.14305556
2026-06-21 22:10:23,2005,Balinga,534.98,0.00,2026-06-22 03:30:00.000,0.00,0.00,0.00,0.00,1,16.69166667,74.16527778
2026-06-21 22:10:23,2006,Wadange (Shiroli Bridge),530.84,0.00,2026-06-22 03:30:00.000,0.00,0.00,0.00,0.00,1,16.71194444,74.27222222
2026-06-21 22:10:23,2007,Ichalkaranji,527.56,0.00,2026-06-22 03:30:00.000,0.00,0.00,0.00,0.00,1,16.66555556,74.47611111
2026-06-21 23:43:00,2004,Nitawade,537.96,0.00,2025-10-31 18:00:00.000,0.00,0.00,0.00,0.00,1,16.74583333,74.14305556
2026-06-21 23:43:00,2005,Balinga,535.02,0.00,2026-06-22 05:00:00.000,0.00,0.00,0.00,0.00,1,16.69166667,74.16527778
2026-06-21 23:43:00,2006,Wadange (Shiroli Bridge),530.84,0.00,2026-06-22 04:30:00.000,0.00,0.00,0.00,0.00,1,16.71194444,74.27222222
2026-06-21 23:43:00,2007,Ichalkaranji,527.54,0.00,2026-06-22 05:00:00.000,0.00,0.00,0.00,0.00,1,16.66555556,74.47611111
2026-06-22 02:09:18,2004,Nitawade,537.96,0.00,2025-10-31 18:00:00.000,0.00,0.00,0.00,0.00,1,16.74583333,74.14305556
2026-06-22 02:09:18,2005,Balinga,535.09,0.00,2026-06-22 07:15:00.000,0.00,0.00,0.00,0.00,1,16.69166667,74.16527778
2026-06-22 02:09:18,2006,Wadange (Shiroli Bridge),530.87,0.00,2026-06-22 07:15:00.000,0.00,0.00,0.00,0.00,1,16.71194444,74.27222222
2026-06-22 02:09:18,2007,Ichalkaranji,527.49,0.00,2026-06-22 07:15:00.000,0.00,0.00,0.00,0.00,1,16.66555556,74.47611111
2026-06-22 07:38:58,2004,Nitawade,537.96,0.00,2025-10-31 18:00:00.000,0.00,0.00,0.00,0.00,1,16.74583333,74.14305556
2026-06-22 07:38:58,2005,Balinga,535.04,0.00,2026-06-22 12:45:00.000,0.00,0.00,0.00,0.00,1,16.69166667,74.16527778
2026-06-22 07:38:58,2006,Wadange (Shiroli Bridge),530.77,0.00,2026-06-22 12:45:00.000,0.00,0.00,0.00,0.00,1,16.71194444,74.27222222
2026-06-22 07:38:58,2007,Ichalkaranji,527.34,0.00,2026-06-22 12:45:00.000,0.00,0.00,0.00,0.00,1,16.66555556,74.47611111
2026-06-22 13:16:34,2004,Nitawade,537.96,0.00,2025-10-31 18:00:00.000,0.00,0.00,0.00,0.00,1,16.74583333,74.14305556
2026-06-22 13:16:34,2005,Balinga,534.95,0.00,2026-06-22 18:30:00.000,0.00,0.00,0.00,0.00,1,16.69166667,74.16527778
2026-06-22 13:16:34,2006,Wadange (Shiroli Bridge),530.76,0.00,2026-06-22 18:30:00.000,0.00,0.00,0.00,0.00,1,16.71194444,74.27222222
2026-06-22 13:16:34,2007,Ichalkaranji,527.26,0.00,2026-06-22 18:30:00.000,0.00,0.00,0.00,0.00,1,16.66555556,74.47611111
2026-06-22 20:45:39,2004,Nitawade,537.96,0.00,2025-10-31 18:00:00.000,0.00,0.00,0.00,0.00,1,16.74583333,74.14305556
2026-06-22 20:45:39,2005,Balinga,535.10,0.00,2026-06-23 02:00:00.000,0.00,0.00,0.00,0.00,1,16.69166667,74.16527778
2026-06-22 20:45:39,2006,Wadange (Shiroli Bridge),530.88,0.00,2026-06-23 02:00:00.000,0.00,0.00,0.00,0.00,1,16.71194444,74.27222222
2026-06-22 20:45:39,2007,Ichalkaranji,527.27,0.00,2026-06-23 02:00:00.000,0.00,0.00,0.00,0.00,1,16.66555556,74.47611111
2026-06-22 23:48:52,2004,Nitawade,537.96,0.00,2025-10-31 18:00:00.000,0.00,0.00,0.00,0.00,1,16.74583333,74.14305556
2026-06-22 23:48:52,2005,Balinga,535.18,0.00,2026-06-23 04:45:00.000,0.00,0.00,0.00,0.00,1,16.69166667,74.16527778
2026-06-22 23:48:52,2006,Wadange (Shiroli Bridge),530.88,0.00,2026-06-23 05:00:00.000,0.00,0.00,0.00,0.00,1,16.71194444,74.27222222
2026-06-22 23:48:52,2007,Ichalkaranji,527.24,0.00,2026-06-23 05:00:00.000,0.00,0.00,0.00,0.00,1,16.66555556,74.47611111
2026-06-23 01:58:50,2004,Nitawade,537.96,0.00,2025-10-31 18:00:00.000,0.00,0.00,0.00,0.00,1,16.74583333,74.14305556
2026-06-23 01:58:50,2005,Balinga,535.25,0.00,2026-06-23 07:15:00.000,0.00,0.00,0.00,0.00,1,16.69166667,74.16527778
2026-06-23 01:58:50,2006,Wadange (Shiroli Bridge),530.91,0.00,2026-06-23 07:15:00.000,0.00,0.00,0.00,0.00,1,16.71194444,74.27222222
2026-06-23 01:58:50,2007,Ichalkaranji,527.22,0.00,2026-06-23 07:15:00.000,0.00,0.00,0.00,0.00,1,16.66555556,74.47611111
2026-06-23 06:05:00,2004,Nitawade,537.96,0.00,2025-10-31 18:00:00.000,0.00,0.00,0.00,0.00,1,16.74583333,74.14305556
2026-06-23 06:05:00,2005,Balinga,535.34,0.00,2026-06-23 11:15:00.000,0.00,0.00,0.00,0.00,1,16.69166667,74.16527778
2026-06-23 06:05:00,2006,Wadange (Shiroli Bridge),530.85,0.00,2026-06-23 11:00:00.000,0.00,0.00,0.00,0.00,1,16.71194444,74.27222222
2026-06-23 06:05:00,2007,Ichalkaranji,527.20,0.00,2026-06-23 11:15:00.000,0.00,0.00,0.00,0.00,1,16.66555556,74.47611111
2026-06-23 10:01:13,2004,Nitawade,537.96,0.00,2025-10-31 18:00:00.000,0.00,0.00,0.00,0.00,1,16.74583333,74.14305556
2026-06-23 10:01:13,2005,Balinga,535.43,0.00,2026-06-23 15:15:00.000,0.00,0.00,0.00,0.00,1,16.69166667,74.16527778
2026-06-23 10:01:13,2006,Wadange (Shiroli Bridge),530.86,0.00,2026-06-23 15:15:00.000,0.00,0.00,0.00,0.00,1,16.71194444,74.27222222
2026-06-23 10:01:13,2007,Ichalkaranji,527.18,0.00,2026-06-23 15:15:00.000,0.00,0.00,0.00,0.00,1,16.66555556,74.47611111
2026-06-23 12:46:10,2004,Nitawade,537.96,0.00,2025-10-31 18:00:00.000,0.00,0.00,0.00,0.00,1,16.74583333,74.14305556
2026-06-23 12:46:10,2005,Balinga,535.50,0.00,2026-06-23 18:00:00.000,0.00,0.00,0.00,0.00,1,16.69166667,74.16527778
2026-06-23 12:46:10,2006,Wadange (Shiroli Bridge),530.88,0.00,2026-06-23 18:00:00.000,0.00,0.00,0.00,0.00,1,16.71194444,74.27222222
2026-06-23 12:46:10,2007,Ichalkaranji,527.17,0.00,2026-06-23 18:00:00.000,0.00,0.00,0.00,0.00,1,16.66555556,74.47611111
2026-06-23 15:43:05,2004,Nitawade,537.96,0.00,2025-10-31 18:00:00.000,0.00,0.00,0.00,0.00,1,16.74583333,74.14305556
2026-06-23 15:43:05,2005,Balinga,535.64,0.00,2026-06-23 21:00:00.000,0.00,0.00,0.00,0.00,1,16.69166667,74.16527778
2026-06-23 15:43:05,2006,Wadange (Shiroli Bridge),530.91,0.00,2026-06-23 21:00:00.000,0.00,0.00,0.00,0.00,1,16.71194444,74.27222222
2026-06-23 15:43:05,2007,Ichalkaranji,527.20,0.00,2026-06-23 21:00:00.000,0.00,0.00,0.00,0.00,1,16.66555556,74.47611111
2026-06-23 17:29:45,2004,Nitawade,537.96,0.00,2025-10-31 18:00:00.000,0.00,0.00,0.00,0.00,1,16.74583333,74.14305556
2026-06-23 17:29:45,2005,Balinga,535.72,0.00,2026-06-23 22:45:00.000,0.00,0.00,0.00,0.00,1,16.69166667,74.16527778
2026-06-23 17:29:45,2006,Wadange (Shiroli Bridge),530.92,0.00,2026-06-23 22:30:00.000,0.00,0.00,0.00,0.00,1,16.71194444,74.27222222
2026-06-23 17:29:45,2007,Ichalkaranji,527.21,0.00,2026-06-23 22:45:00.000,0.00,0.00,0.00,0.00,1,16.66555556,74.47611111
2026-06-23 19:26:30,2004,Nitawade,537.96,0.00,2025-10-31 18:00:00.000,0.00,0.00,0.00,0.00,1,16.74583333,74.14305556
2026-06-23 19:26:30,2005,Balinga,535.82,0.00,2026-06-24 00:45:00.000,0.00,0.00,0.00,0.00,1,16.69166667,74.16527778
2026-06-23 19:26:30,2006,Wadange (Shiroli Bridge),530.95,0.00,2026-06-24 00:45:00.000,0.00,0.00,0.00,0.00,1,16.71194444,74.27222222
2026-06-23 19:26:30,2007,Ichalkaranji,527.20,0.00,2026-06-24 00:45:00.000,0.00,0.00,0.00,0.00,1,16.66555556,74.47611111
2026-06-23 21:11:22,2004,Nitawade,537.96,0.00,2025-10-31 18:00:00.000,0.00,0.00,0.00,0.00,1,16.74583333,74.14305556
2026-06-23 21:11:22,2005,Balinga,535.89,0.00,2026-06-24 02:30:00.000,0.00,0.00,0.00,0.00,1,16.69166667,74.16527778
2026-06-23 21:11:22,2006,Wadange (Shiroli Bridge),530.96,0.00,2026-06-24 02:30:00.000,0.00,0.00,0.00,0.00,1,16.71194444,74.27222222
2026-06-23 21:11:22,2007,Ichalkaranji,527.22,0.00,2026-06-24 02:30:00.000,0.00,0.00,0.00,0.00,1,16.66555556,74.47611111
2026-06-23 22:23:27,2004,Nitawade,537.96,0.00,2025-10-31 18:00:00.000,0.00,0.00,0.00,0.00,1,16.74583333,74.14305556
2026-06-23 22:23:27,2005,Balinga,535.94,0.00,2026-06-24 03:30:00.000,0.00,0.00,0.00,0.00,1,16.69166667,74.16527778
2026-06-23 22:23:27,2006,Wadange (Shiroli Bridge),530.97,0.00,2026-06-24 03:00:00.000,0.00,0.00,0.00,0.00,1,16.71194444,74.27222222
2026-06-23 22:23:27,2007,Ichalkaranji,527.21,0.00,2026-06-24 03:30:00.000,0.00,0.00,0.00,0.00,1,16.66555556,74.47611111
2026-06-23 23:34:20,2004,Nitawade,537.96,0.00,2025-10-31 18:00:00.000,0.00,0.00,0.00,0.00,1,16.74583333,74.14305556
2026-06-23 23:34:20,2005,Balinga,535.98,0.00,2026-06-24 04:45:00.000,0.00,0.00,0.00,0.00,1,16.69166667,74.16527778
2026-06-23 23:34:20,2006,Wadange (Shiroli Bridge),530.98,0.00,2026-06-24 04:45:00.000,0.00,0.00,0.00,0.00,1,16.71194444,74.27222222
2026-06-23 23:34:20,2007,Ichalkaranji,527.21,0.00,2026-06-24 04:45:00.000,0.00,0.00,0.00,0.00,1,16.66555556,74.47611111
2026-06-24 01:29:31,2004,Nitawade,537.96,0.00,2025-10-31 18:00:00.000,0.00,0.00,0.00,0.00,1,16.74583333,74.14305556
2026-06-24 01:29:31,2005,Balinga,536.07,0.00,2026-06-24 06:45:00.000,0.00,0.00,0.00,0.00,1,16.69166667,74.16527778
2026-06-24 01:29:31,2006,Wadange (Shiroli Bridge),530.98,0.00,2026-06-24 06:45:00.000,0.00,0.00,0.00,0.00,1,16.71194444,74.27222222
2026-06-24 01:29:31,2007,Ichalkaranji,527.21,0.00,2026-06-24 06:45:00.000,0.00,0.00,0.00,0.00,1,16.66555556,74.47611111
2026-06-24 05:36:45,2004,Nitawade,537.96,0.00,2025-10-31 18:00:00.000,0.00,0.00,0.00,0.00,1,16.74583333,74.14305556
2026-06-24 05:36:45,2005,Balinga,536.16,0.00,2026-06-24 10:45:00.000,0.00,0.00,0.00,0.00,1,16.69166667,74.16527778
2026-06-24 05:36:45,2006,Wadange (Shiroli Bridge),530.94,0.00,2026-06-24 10:45:00.000,0.00,0.00,0.00,0.00,1,16.71194444,74.27222222
2026-06-24 05:36:45,2007,Ichalkaranji,527.14,0.00,2026-06-24 10:45:00.000,0.00,0.00,0.00,0.00,1,16.66555556,74.47611111
2026-06-24 08:41:57,2004,Nitawade,537.96,0.00,2025-10-31 18:00:00.000,0.00,0.00,0.00,0.00,1,16.74583333,74.14305556
2026-06-24 08:41:57,2005,Balinga,536.22,0.00,2026-06-24 13:45:00.000,0.00,0.00,0.00,0.00,1,16.69166667,74.16527778
2026-06-24 08:41:57,2006,Wadange (Shiroli Bridge),530.93,0.00,2026-06-24 13:45:00.000,0.00,0.00,0.00,0.00,1,16.71194444,74.27222222
2026-06-24 08:41:57,2007,Ichalkaranji,527.10,0.00,2026-06-24 13:45:00.000,0.00,0.00,0.00,0.00,1,16.66555556,74.47611111
2026-06-24 13:34:57,2004,Nitawade,537.96,0.00,2025-10-31 18:00:00.000,0.00,0.00,0.00,0.00,1,16.74583333,74.14305556
2026-06-24 13:34:57,2005,Balinga,536.49,0.00,2026-06-24 18:45:00.000,0.00,0.00,0.00,0.00,1,16.69166667,74.16527778
2026-06-24 13:34:57,2006,Wadange (Shiroli Bridge),531.07,0.00,2026-06-24 18:45:00.000,0.00,0.00,0.00,0.00,1,16.71194444,74.27222222
2026-06-24 13:34:57,2007,Ichalkaranji,527.12,0.00,2026-06-24 18:45:00.000,0.00,0.00,0.00,0.00,1,16.66555556,74.47611111
2026-06-24 15:59:29,2004,Nitawade,537.96,0.00,2025-10-31 18:00:00.000,0.00,0.00,0.00,0.00,1,16.74583333,74.14305556
2026-06-24 15:59:29,2005,Balinga,536.60,0.00,2026-06-24 21:15:00.000,0.00,0.00,0.00,0.00,1,16.69166667,74.16527778
2026-06-24 15:59:29,2006,Wadange (Shiroli Bridge),531.21,0.00,2026-06-24 21:00:00.000,0.00,0.00,0.00,0.00,1,16.71194444,74.27222222
2026-06-24 15:59:29,2007,Ichalkaranji,527.15,0.00,2026-06-24 21:15:00.000,0.00,0.00,0.00,0.00,1,16.66555556,74.47611111
2026-06-24 17:54:00,2004,Nitawade,537.96,0.00,2025-10-31 18:00:00.000,0.00,0.00,0.00,0.00,1,16.74583333,74.14305556
2026-06-24 17:54:00,2005,Balinga,536.62,0.00,2026-06-24 22:45:00.000,0.00,0.00,0.00,0.00,1,16.69166667,74.16527778
2026-06-24 17:54:00,2006,Wadange (Shiroli Bridge),531.28,0.00,2026-06-24 22:15:00.000,0.00,0.00,0.00,0.00,1,16.71194444,74.27222222
2026-06-24 17:54:00,2007,Ichalkaranji,527.18,0.00,2026-06-24 23:00:00.000,0.00,0.00,0.00,0.00,1,16.66555556,74.47611111
2026-06-24 19:24:30,2004,Nitawade,537.96,0.00,2025-10-31 18:00:00.000,0.00,0.00,0.00,0.00,1,16.74583333,74.14305556
2026-06-24 19:24:30,2005,Balinga,536.64,0.00,2026-06-25 00:30:00.000,0.00,0.00,0.00,0.00,1,16.69166667,74.16527778
2026-06-24 19:24:30,2006,Wadange (Shiroli Bridge),531.41,0.00,2026-06-25 00:30:00.000,0.00,0.00,0.00,0.00,1,16.71194444,74.27222222
2026-06-24 19:24:30,2007,Ichalkaranji,527.19,0.00,2026-06-25 00:30:00.000,0.00,0.00,0.00,0.00,1,16.66555556,74.47611111
2026-06-24 21:04:38,2004,Nitawade,537.96,0.00,2025-10-31 18:00:00.000,0.00,0.00,0.00,0.00,1,16.74583333,74.14305556
2026-06-24 21:04:38,2005,Balinga,536.64,0.00,2026-06-25 02:15:00.000,0.00,0.00,0.00,0.00,1,16.69166667,74.16527778
2026-06-24 21:04:38,2006,Wadange (Shiroli Bridge),531.51,0.00,2026-06-25 02:15:00.000,0.00,0.00,0.00,0.00,1,16.71194444,74.27222222
2026-06-24 21:04:38,2007,Ichalkaranji,527.21,0.00,2026-06-25 02:15:00.000,0.00,0.00,0.00,0.00,1,16.66555556,74.47611111
2026-06-24 22:38:31,2004,Nitawade,537.96,0.00,2025-10-31 18:00:00.000,0.00,0.00,0.00,0.00,1,16.74583333,74.14305556
2026-06-24 22:38:31,2005,Balinga,536.63,0.00,2026-06-25 03:45:00.000,0.00,0.00,0.00,0.00,1,16.69166667,74.16527778
2026-06-24 22:38:31,2006,Wadange (Shiroli Bridge),531.57,0.00,2026-06-25 03:45:00.000,0.00,0.00,0.00,0.00,1,16.71194444,74.27222222
2026-06-24 22:38:31,2007,Ichalkaranji,527.22,0.00,2026-06-25 03:45:00.000,0.00,0.00,0.00,0.00,1,16.66555556,74.47611111
2026-06-24 23:47:18,2004,Nitawade,537.96,0.00,2025-10-31 18:00:00.000,0.00,0.00,0.00,0.00,1,16.74583333,74.14305556
2026-06-24 23:47:18,2005,Balinga,536.62,0.00,2026-06-25 05:00:00.000,0.00,0.00,0.00,0.00,1,16.69166667,74.16527778
2026-06-24 23:47:18,2006,Wadange (Shiroli Bridge),531.60,0.00,2026-06-25 05:00:00.000,0.00,0.00,0.00,0.00,1,16.71194444,74.27222222
2026-06-24 23:47:18,2007,Ichalkaranji,527.23,0.00,2026-06-25 05:00:00.000,0.00,0.00,0.00,0.00,1,16.66555556,74.47611111
2026-06-25 02:01:42,2004,Nitawade,537.96,0.00,2025-10-31 18:00:00.000,0.00,0.00,0.00,0.00,1,16.74583333,74.14305556
2026-06-25 02:01:42,2005,Balinga,536.60,0.00,2026-06-25 07:15:00.000,0.00,0.00,0.00,0.00,1,16.69166667,74.16527778
2026-06-25 02:01:42,2006,Wadange (Shiroli Bridge),531.65,0.00,2026-06-25 07:15:00.000,0.00,0.00,0.00,0.00,1,16.71194444,74.27222222
2026-06-25 02:01:42,2007,Ichalkaranji,527.26,0.00,2026-06-25 07:15:00.000,0.00,0.00,0.00,0.00,1,16.66555556,74.47611111
2026-06-29 11:49:23,2004,Nitawade,537.96,0.00,2025-10-31 18:00:00.000,0.00,0.00,0.00,0.00,1,16.74583333,74.14305556
2026-06-29 11:49:23,2005,Balinga,536.69,0.00,2026-06-29 16:45:00.000,0.00,0.00,0.00,0.00,1,16.69166667,74.16527778
2026-06-29 11:49:23,2006,Wadange (Shiroli Bridge),531.49,0.00,2026-06-29 17:00:00.000,0.00,0.00,0.00,0.00,1,16.71194444,74.27222222
2026-06-29 11:49:23,2007,Ichalkaranji,528.54,0.00,2026-06-29 17:00:00.000,0.00,0.00,0.00,0.00,1,16.66555556,74.47611111
2026-06-29 15:56:28,2004,Nitawade,537.96,0.00,2025-10-31 18:00:00.000,0.00,0.00,0.00,0.00,1,16.74583333,74.14305556
2026-06-29 15:56:28,2005,Balinga,536.79,0.00,2026-06-29 20:45:00.000,0.00,0.00,0.00,0.00,1,16.69166667,74.16527778
2026-06-29 15:56:28,2006,Wadange (Shiroli Bridge),531.69,0.00,2026-06-29 21:00:00.000,0.00,0.00,0.00,0.00,1,16.71194444,74.27222222
2026-06-29 15:56:28,2007,Ichalkaranji,528.61,0.00,2026-06-29 21:00:00.000,0.00,0.00,0.00,0.00,1,16.66555556,74.47611111
2026-06-29 18:16:29,2004,Nitawade,537.96,0.00,2025-10-31 18:00:00.000,0.00,0.00,0.00,0.00,1,16.74583333,74.14305556
2026-06-29 18:16:29,2005,Balinga,536.81,0.00,2026-06-29 23:15:00.000,0.00,0.00,0.00,0.00,1,16.69166667,74.16527778
2026-06-29 18:16:29,2006,Wadange (Shiroli Bridge),531.81,0.00,2026-06-29 23:15:00.000,0.00,0.00,0.00,0.00,1,16.71194444,74.27222222
2026-06-29 18:16:29,2007,Ichalkaranji,528.68,0.00,2026-06-29 23:30:00.000,0.00,0.00,0.00,0.00,1,16.66555556,74.47611111
2026-06-29 20:27:00,2004,Nitawade,537.96,0.00,2025-10-31 18:00:00.000,0.00,0.00,0.00,0.00,1,16.74583333,74.14305556
2026-06-29 20:27:00,2005,Balinga,536.78,0.00,2026-06-30 01:45:00.000,0.00,0.00,0.00,0.00,1,16.69166667,74.16527778
2026-06-29 20:27:00,2006,Wadange (Shiroli Bridge),531.91,0.00,2026-06-30 01:45:00.000,0.00,0.00,0.00,0.00,1,16.71194444,74.27222222
2026-06-29 20:27:00,2007,Ichalkaranji,528.76,0.00,2026-06-30 01:45:00.000,0.00,0.00,0.00,0.00,1,16.66555556,74.47611111
2026-06-29 21:55:15,2004,Nitawade,537.96,0.00,2025-10-31 18:00:00.000,0.00,0.00,0.00,0.00,1,16.74583333,74.14305556
2026-06-29 21:55:15,2005,Balinga,536.79,0.00,2026-06-30 03:00:00.000,0.00,0.00,0.00,0.00,1,16.69166667,74.16527778
2026-06-29 21:55:15,2006,Wadange (Shiroli Bridge),531.94,0.00,2026-06-30 03:00:00.000,0.00,0.00,0.00,0.00,1,16.71194444,74.27222222
2026-06-29 21:55:15,2007,Ichalkaranji,528.80,0.00,2026-06-30 03:00:00.000,0.00,0.00,0.00,0.00,1,16.66555556,74.47611111
2026-06-29 23:03:10,2004,Nitawade,537.96,0.00,2025-10-31 18:00:00.000,0.00,0.00,0.00,0.00,1,16.74583333,74.14305556
2026-06-29 23:03:10,2005,Balinga,536.78,0.00,2026-06-30 04:15:00.000,0.00,0.00,0.00,0.00,1,16.69166667,74.16527778
2026-06-29 23:03:10,2006,Wadange (Shiroli Bridge),531.97,0.00,2026-06-30 04:15:00.000,0.00,0.00,0.00,0.00,1,16.71194444,74.27222222
2026-06-29 23:03:10,2007,Ichalkaranji,528.84,0.00,2026-06-30 04:15:00.000,0.00,0.00,0.00,0.00,1,16.66555556,74.47611111
2026-06-30 01:25:56,2004,Nitawade,537.96,0.00,2025-10-31 18:00:00.000,0.00,0.00,0.00,0.00,1,16.74583333,74.14305556
2026-06-30 01:25:56,2005,Balinga,536.79,0.00,2026-06-30 06:45:00.000,0.00,0.00,0.00,0.00,1,16.69166667,74.16527778
2026-06-30 01:25:56,2006,Wadange (Shiroli Bridge),532.00,0.00,2026-06-30 06:30:00.000,0.00,0.00,0.00,0.00,1,16.71194444,74.27222222
2026-06-30 01:25:56,2007,Ichalkaranji,528.94,0.00,2026-06-30 06:45:00.000,0.00,0.00,0.00,0.00,1,16.66555556,74.47611111
2026-06-30 05:48:57,2004,Nitawade,537.96,0.00,2025-10-31 18:00:00.000,0.00,0.00,0.00,0.00,1,16.74583333,74.14305556
2026-06-30 05:48:57,2005,Balinga,536.80,0.00,2026-06-30 10:45:00.000,0.00,0.00,0.00,0.00,1,16.69166667,74.16527778
2026-06-30 05:48:57,2006,Wadange (Shiroli Bridge),531.96,0.00,2026-06-30 10:45:00.000,0.00,0.00,0.00,0.00,1,16.71194444,74.27222222
2026-06-30 05:48:57,2007,Ichalkaranji,529.00,0.00,2026-06-30 11:00:00.000,0.00,0.00,0.00,0.00,1,16.66555556,74.47611111
2026-06-30 09:50:15,2004,Nitawade,537.96,0.00,2025-10-31 18:00:00.000,0.00,0.00,0.00,0.00,1,16.74583333,74.14305556
2026-06-30 09:50:15,2005,Balinga,536.86,0.00,2026-06-30 15:00:00.000,0.00,0.00,0.00,0.00,1,16.69166667,74.16527778
2026-06-30 09:50:15,2006,Wadange (Shiroli Bridge),532.00,0.00,2026-06-30 15:00:00.000,0.00,0.00,0.00,0.00,1,16.71194444,74.27222222
2026-06-30 09:50:15,2007,Ichalkaranji,529.02,0.00,2026-06-30 15:00:00.000,0.00,0.00,0.00,0.00,1,16.66555556,74.47611111
2026-06-30 12:14:33,2004,Nitawade,537.96,0.00,2025-10-31 18:00:00.000,0.00,0.00,0.00,0.00,1,16.74583333,74.14305556
2026-06-30 12:14:33,2005,Balinga,536.89,0.00,2026-06-30 17:00:00.000,0.00,0.00,0.00,0.00,1,16.69166667,74.16527778
2026-06-30 12:14:33,2006,Wadange (Shiroli Bridge),532.03,0.00,2026-06-30 17:00:00.000,0.00,0.00,0.00,0.00,1,16.71194444,74.27222222
2026-06-30 12:14:33,2007,Ichalkaranji,529.04,0.00,2026-06-30 17:00:00.000,0.00,0.00,0.00,0.00,1,16.66555556,74.47611111
2026-06-30 14:46:22,2004,Nitawade,537.96,0.00,2025-10-31 18:00:00.000,0.00,0.00,0.00,0.00,1,16.74583333,74.14305556
2026-06-30 14:46:22,2005,Balinga,536.92,0.00,2026-06-30 19:45:00.000,0.00,0.00,0.00,0.00,1,16.69166667,74.16527778
2026-06-30 14:46:22,2006,Wadange (Shiroli Bridge),532.10,0.00,2026-06-30 19:45:00.000,0.00,0.00,0.00,0.00,1,16.71194444,74.27222222
2026-06-30 14:46:22,2007,Ichalkaranji,529.11,0.00,2026-06-30 20:00:00.000,0.00,0.00,0.00,0.00,1,16.66555556,74.47611111
2026-06-30 17:09:03,2004,Nitawade,537.96,0.00,2025-10-31 18:00:00.000,0.00,0.00,0.00,0.00,1,16.74583333,74.14305556
2026-06-30 17:09:03,2005,Balinga,536.94,0.00,2026-06-30 22:15:00.000,0.00,0.00,0.00,0.00,1,16.69166667,74.16527778
2026-06-30 17:09:03,2006,Wadange (Shiroli Bridge),532.16,0.00,2026-06-30 22:15:00.000,0.00,0.00,0.00,0.00,1,16.71194444,74.27222222
2026-06-30 17:09:03,2007,Ichalkaranji,529.17,0.00,2026-06-30 22:15:00.000,0.00,0.00,0.00,0.00,1,16.66555556,74.47611111
2026-06-30 19:07:39,2004,Nitawade,537.96,0.00,2025-10-31 18:00:00.000,0.00,0.00,0.00,0.00,1,16.74583333,74.14305556
2026-06-30 19:07:39,2005,Balinga,536.96,0.00,2026-07-01 00:15:00.000,0.00,0.00,0.00,0.00,1,16.69166667,74.16527778
2026-06-30 19:07:39,2006,Wadange (Shiroli Bridge),532.19,0.00,2026-07-01 00:15:00.000,0.00,0.00,0.00,0.00,1,16.71194444,74.27222222
2026-06-30 19:07:39,2007,Ichalkaranji,529.21,0.00,2026-07-01 00:15:00.000,0.00,0.00,0.00,0.00,1,16.66555556,74.47611111
2026-06-30 21:06:38,2004,Nitawade,537.96,0.00,2025-10-31 18:00:00.000,0.00,0.00,0.00,0.00,1,16.74583333,74.14305556
2026-06-30 21:06:38,2005,Balinga,537.00,0.00,2026-07-01 02:00:00.000,0.00,0.00,0.00,0.00,1,16.69166667,74.16527778
2026-06-30 21:06:38,2006,Wadange (Shiroli Bridge),532.23,0.00,2026-07-01 02:00:00.000,0.00,0.00,0.00,0.00,1,16.71194444,74.27222222
2026-06-30 21:06:38,2007,Ichalkaranji,529.28,0.00,2026-07-01 02:15:00.000,0.00,0.00,0.00,0.00,1,16.66555556,74.47611111
2026-06-30 22:42:13,2004,Nitawade,537.96,0.00,2025-10-31 18:00:00.000,0.00,0.00,0.00,0.00,1,16.74583333,74.14305556
2026-06-30 22:42:13,2005,Balinga,537.07,0.00,2026-07-01 03:45:00.000,0.00,0.00,0.00,0.00,1,16.69166667,74.16527778
2026-06-30 22:42:13,2006,Wadange (Shiroli Bridge),532.26,0.00,2026-07-01 03:30:00.000,0.00,0.00,0.00,0.00,1,16.71194444,74.27222222
2026-06-30 22:42:13,2007,Ichalkaranji,529.30,0.00,2026-07-01 03:45:00.000,0.00,0.00,0.00,0.00,1,16.66555556,74.47611111
2026-06-30 23:53:35,2004,Nitawade,537.96,0.00,2025-10-31 18:00:00.000,0.00,0.00,0.00,0.00,1,16.74583333,74.14305556
2026-06-30 23:53:35,2005,Balinga,537.14,0.00,2026-07-01 05:00:00.000,0.00,0.00,0.00,0.00,1,16.69166667,74.16527778
2026-06-30 23:53:35,2006,Wadange (Shiroli Bridge),532.28,0.00,2026-07-01 04:45:00.000,0.00,0.00,0.00,0.00,1,16.71194444,74.27222222
2026-06-30 23:53:35,2007,Ichalkaranji,529.32,0.00,2026-07-01 05:00:00.000,0.00,0.00,0.00,0.00,1,16.66555556,74.47611111
2026-07-01 04:21:33,2004,Nitawade,537.96,0.00,2025-10-31 18:00:00.000,0.00,0.00,0.00,0.00,1,16.74583333,74.14305556
2026-07-01 04:21:33,2005,Balinga,537.35,0.00,2026-07-01 09:15:00.000,0.00,0.00,0.00,0.00,1,16.69166667,74.16527778
2026-07-01 04:21:33,2006,Wadange (Shiroli Bridge),532.49,0.00,2026-07-01 09:30:00.000,0.00,0.00,0.00,0.00,1,16.71194444,74.27222222
2026-07-01 04:21:33,2007,Ichalkaranji,529.38,0.00,2026-07-01 09:30:00.000,0.00,0.00,0.00,0.00,1,16.66555556,74.47611111
2026-07-01 08:37:13,2004,Nitawade,537.96,0.00,2025-10-31 18:00:00.000,0.00,0.00,0.00,0.00,1,16.74583333,74.14305556
2026-07-01 08:37:13,2005,Balinga,537.44,0.00,2026-07-01 13:45:00.000,0.00,0.00,0.00,0.00,1,16.69166667,74.16527778
2026-07-01 08:37:13,2006,Wadange (Shiroli Bridge),532.75,0.00,2026-07-01 13:45:00.000,0.00,0.00,0.00,0.00,1,16.71194444,74.27222222
2026-07-01 08:37:13,2007,Ichalkaranji,529.45,0.00,2026-07-01 13:45:00.000,0.00,0.00,0.00,0.00,1,16.66555556,74.47611111
2026-07-01 11:45:58,2004,Nitawade,537.96,0.00,2025-10-31 18:00:00.000,0.00,0.00,0.00,0.00,1,16.74583333,74.14305556
2026-07-01 11:45:58,2005,Balinga,537.45,0.00,2026-07-01 16:45:00.000,0.00,0.00,0.00,0.00,1,16.69166667,74.16527778
2026-07-01 11:45:58,2006,Wadange (Shiroli Bridge),532.89,0.00,2026-07-01 17:00:00.000,0.00,0.00,0.00,0.00,1,16.71194444,74.27222222
2026-07-01 11:45:58,2007,Ichalkaranji,529.59,0.00,2026-07-01 17:00:00.000,0.00,0.00,0.00,0.00,1,16.66555556,74.47611111
2026-07-01 13:57:57,2004,Nitawade,537.96,0.00,2025-10-31 18:00:00.000,0.00,0.00,0.00,0.00,1,16.74583333,74.14305556
2026-07-01 13:57:57,2005,Balinga,537.44,0.00,2026-07-01 19:15:00.000,0.00,0.00,0.00,0.00,1,16.69166667,74.16527778
2026-07-01 13:57:57,2006,Wadange (Shiroli Bridge),532.94,0.00,2026-07-01 19:15:00.000,0.00,0.00,0.00,0.00,1,16.71194444,74.27222222
2026-07-01 13:57:57,2007,Ichalkaranji,529.70,0.00,2026-07-01 19:15:00.000,0.00,0.00,0.00,0.00,1,16.66555556,74.47611111
2026-07-01 16:34:11,2004,Nitawade,537.96,0.00,2025-10-31 18:00:00.000,0.00,0.00,0.00,0.00,1,16.74583333,74.14305556
2026-07-01 16:34:11,2005,Balinga,537.43,0.00,2026-07-01 21:45:00.000,0.00,0.00,0.00,0.00,1,16.69166667,74.16527778
2026-07-01 16:34:11,2006,Wadange (Shiroli Bridge),532.99,0.00,2026-07-01 21:45:00.000,0.00,0.00,0.00,0.00,1,16.71194444,74.27222222
2026-07-01 16:34:11,2007,Ichalkaranji,529.85,0.00,2026-07-01 21:45:00.000,0.00,0.00,0.00,0.00,1,16.66555556,74.47611111
2026-07-01 18:33:03,2004,Nitawade,537.96,0.00,2025-10-31 18:00:00.000,0.00,0.00,0.00,0.00,1,16.74583333,74.14305556
2026-07-01 18:33:03,2005,Balinga,537.44,0.00,2026-07-01 23:45:00.000,0.00,0.00,0.00,0.00,1,16.69166667,74.16527778
2026-07-01 18:33:03,2006,Wadange (Shiroli Bridge),533.01,0.00,2026-07-01 23:45:00.000,0.00,0.00,0.00,0.00,1,16.71194444,74.27222222
2026-07-01 18:33:03,2007,Ichalkaranji,529.93,0.00,2026-07-01 23:45:00.000,0.00,0.00,0.00,0.00,1,16.66555556,74.47611111
2026-07-01 20:30:26,2004,Nitawade,537.96,0.00,2025-10-31 18:00:00.000,0.00,0.00,0.00,0.00,1,16.74583333,74.14305556
2026-07-01 20:30:26,2005,Balinga,537.47,0.00,2026-07-02 01:45:00.000,0.00,0.00,0.00,0.00,1,16.69166667,74.16527778
2026-07-01 20:30:26,2006,Wadange (Shiroli Bridge),533.02,0.00,2026-07-02 01:30:00.000,0.00,0.00,0.00,0.00,1,16.71194444,74.27222222
2026-07-01 20:30:26,2007,Ichalkaranji,529.99,0.00,2026-07-02 01:45:00.000,0.00,0.00,0.00,0.00,1,16.66555556,74.47611111
2026-07-01 22:06:54,2004,Nitawade,537.96,0.00,2025-10-31 18:00:00.000,0.00,0.00,0.00,0.00,1,16.74583333,74.14305556
2026-07-01 22:06:54,2005,Balinga,537.52,0.00,2026-07-02 03:15:00.000,0.00,0.00,0.00,0.00,1,16.69166667,74.16527778
2026-07-01 22:06:54,2006,Wadange (Shiroli Bridge),533.04,0.00,2026-07-02 03:15:00.000,0.00,0.00,0.00,0.00,1,16.71194444,74.27222222
2026-07-01 22:06:54,2007,Ichalkaranji,530.03,0.00,2026-07-02 03:15:00.000,0.00,0.00,0.00,0.00,1,16.66555556,74.47611111
2026-07-01 23:45:22,2004,Nitawade,537.96,0.00,2025-10-31 18:00:00.000,0.00,0.00,0.00,0.00,1,16.74583333,74.14305556
2026-07-01 23:45:22,2005,Balinga,537.57,0.00,2026-07-02 05:00:00.000,0.00,0.00,0.00,0.00,1,16.69166667,74.16527778
2026-07-01 23:45:22,2006,Wadange (Shiroli Bridge),533.09,0.00,2026-07-02 05:00:00.000,0.00,0.00,0.00,0.00,1,16.71194444,74.27222222
2026-07-01 23:45:22,2007,Ichalkaranji,530.06,0.00,2026-07-02 05:00:00.000,0.00,0.00,0.00,0.00,1,16.66555556,74.47611111
2026-07-02 01:53:06,2004,Nitawade,537.96,0.00,2025-10-31 18:00:00.000,0.00,0.00,0.00,0.00,1,16.74583333,74.14305556
2026-07-02 01:53:06,2005,Balinga,537.64,0.00,2026-07-02 07:00:00.000,0.00,0.00,0.00,0.00,1,16.69166667,74.16527778
2026-07-02 01:53:06,2006,Wadange (Shiroli Bridge),533.11,0.00,2026-07-02 07:00:00.000,0.00,0.00,0.00,0.00,1,16.71194444,74.27222222
2026-07-02 01:53:06,2007,Ichalkaranji,530.10,0.00,2026-07-02 07:00:00.000,0.00,0.00,0.00,0.00,1,16.66555556,74.47611111
2026-07-02 06:05:01,2004,Nitawade,537.96,0.00,2025-10-31 18:00:00.000,0.00,0.00,0.00,0.00,1,16.74583333,74.14305556
2026-07-02 06:05:01,2005,Balinga,537.70,0.00,2026-07-02 11:15:00.000,0.00,0.00,0.00,0.00,1,16.69166667,74.16527778
2026-07-02 06:05:01,2006,Wadange (Shiroli Bridge),533.31,0.00,2026-07-02 11:15:00.000,0.00,0.00,0.00,0.00,1,16.71194444,74.27222222
2026-07-02 06:05:01,2007,Ichalkaranji,530.16,0.00,2026-07-02 11:15:00.000,0.00,0.00,0.00,0.00,1,16.66555556,74.47611111
2026-07-02 09:34:14,2004,Nitawade,537.96,0.00,2025-10-31 18:00:00.000,0.00,0.00,0.00,0.00,1,16.74583333,74.14305556
2026-07-02 09:34:14,2005,Balinga,537.72,0.00,2026-07-02 14:45:00.000,0.00,0.00,0.00,0.00,1,16.69166667,74.16527778
2026-07-02 09:34:14,2006,Wadange (Shiroli Bridge),533.39,0.00,2026-07-02 14:45:00.000,0.00,0.00,0.00,0.00,1,16.71194444,74.27222222
2026-07-02 09:34:14,2007,Ichalkaranji,530.21,0.00,2026-07-02 14:45:00.000,0.00,0.00,0.00,0.00,1,16.66555556,74.47611111
2026-07-02 11:57:28,2004,Nitawade,537.96,0.00,2025-10-31 18:00:00.000,0.00,0.00,0.00,0.00,1,16.74583333,74.14305556
2026-07-02 11:57:28,2005,Balinga,537.71,0.00,2026-07-02 17:00:00.000,0.00,0.00,0.00,0.00,1,16.69166667,74.16527778
2026-07-02 11:57:28,2006,Wadange (Shiroli Bridge),533.45,0.00,2026-07-02 16:45:00.000,0.00,0.00,0.00,0.00,1,16.71194444,74.27222222
2026-07-02 11:57:28,2007,Ichalkaranji,530.30,0.00,2026-07-02 17:00:00.000,0.00,0.00,0.00,0.00,1,16.66555556,74.47611111
2026-07-02 14:24:37,2004,Nitawade,537.96,0.00,2025-10-31 18:00:00.000,0.00,0.00,0.00,0.00,1,16.74583333,74.14305556
2026-07-02 14:24:37,2005,Balinga,537.72,0.00,2026-07-02 19:30:00.000,0.00,0.00,0.00,0.00,1,16.69166667,74.16527778
2026-07-02 14:24:37,2006,Wadange (Shiroli Bridge),533.50,0.00,2026-07-02 19:30:00.000,0.00,0.00,0.00,0.00,1,16.71194444,74.27222222
2026-07-02 14:24:37,2007,Ichalkaranji,530.42,0.00,2026-07-02 19:30:00.000,0.00,0.00,0.00,0.00,1,16.66555556,74.47611111
2026-07-02 16:21:00,2004,Nitawade,537.96,0.00,2025-10-31 18:00:00.000,0.00,0.00,0.00,0.00,1,16.74583333,74.14305556
2026-07-02 16:21:00,2005,Balinga,537.74,0.00,2026-07-02 21:30:00.000,0.00,0.00,0.00,0.00,1,16.69166667,74.16527778
2026-07-02 16:21:00,2006,Wadange (Shiroli Bridge),533.51,0.00,2026-07-02 21:30:00.000,0.00,0.00,0.00,0.00,1,16.71194444,74.27222222
2026-07-02 16:21:00,2007,Ichalkaranji,530.51,0.00,2026-07-02 21:30:00.000,0.00,0.00,0.00,0.00,1,16.66555556,74.47611111
2026-07-02 18:15:44,2004,Nitawade,537.96,0.00,2025-10-31 18:00:00.000,0.00,0.00,0.00,0.00,1,16.74583333,74.14305556
2026-07-02 18:15:44,2005,Balinga,537.78,0.00,2026-07-02 23:30:00.000,0.00,0.00,0.00,0.00,1,16.69166667,74.16527778
2026-07-02 18:15:44,2006,Wadange (Shiroli Bridge),533.52,0.00,2026-07-02 23:30:00.000,0.00,0.00,0.00,0.00,1,16.71194444,74.27222222
2026-07-02 18:15:44,2007,Ichalkaranji,530.57,0.00,2026-07-02 23:30:00.000,0.00,0.00,0.00,0.00,1,16.66555556,74.47611111
2026-07-02 20:04:25,2004,Nitawade,537.96,0.00,2025-10-31 18:00:00.000,0.00,0.00,0.00,0.00,1,16.74583333,74.14305556
2026-07-02 20:04:25,2005,Balinga,537.81,0.00,2026-07-03 01:15:00.000,0.00,0.00,0.00,0.00,1,16.69166667,74.16527778
2026-07-02 20:04:25,2006,Wadange (Shiroli Bridge),533.54,0.00,2026-07-03 01:15:00.000,0.00,0.00,0.00,0.00,1,16.71194444,74.27222222
2026-07-02 20:04:25,2007,Ichalkaranji,530.61,0.00,2026-07-03 01:15:00.000,0.00,0.00,0.00,0.00,1,16.66555556,74.47611111
2026-07-02 21:34:28,2004,Nitawade,537.96,0.00,2025-10-31 18:00:00.000,0.00,0.00,0.00,0.00,1,16.74583333,74.14305556
2026-07-02 21:34:28,2005,Balinga,537.86,0.00,2026-07-03 02:45:00.000,0.00,0.00,0.00,0.00,1,16.69166667,74.16527778
2026-07-02 21:34:28,2006,Wadange (Shiroli Bridge),533.58,0.00,2026-07-03 02:45:00.000,0.00,0.00,0.00,0.00,1,16.71194444,74.27222222
2026-07-02 21:34:28,2007,Ichalkaranji,530.64,0.00,2026-07-03 02:45:00.000,0.00,0.00,0.00,0.00,1,16.66555556,74.47611111
2026-07-02 22:47:58,2004,Nitawade,537.96,0.00,2025-10-31 18:00:00.000,0.00,0.00,0.00,0.00,1,16.74583333,74.14305556
2026-07-02 22:47:58,2005,Balinga,537.89,0.00,2026-07-03 04:00:00.000,0.00,0.00,0.00,0.00,1,16.69166667,74.16527778
2026-07-02 22:47:58,2006,Wadange (Shiroli Bridge),533.60,0.00,2026-07-03 04:00:00.000,0.00,0.00,0.00,0.00,1,16.71194444,74.27222222
2026-07-02 22:47:58,2007,Ichalkaranji,530.66,0.00,2026-07-03 04:00:00.000,0.00,0.00,0.00,0.00,1,16.66555556,74.47611111
2026-07-03 00:11:24,2004,Nitawade,537.96,0.00,2025-10-31 18:00:00.000,0.00,0.00,0.00,0.00,1,16.74583333,74.14305556
2026-07-03 00:11:24,2005,Balinga,537.93,0.00,2026-07-03 05:30:00.000,0.00,0.00,0.00,0.00,1,16.69166667,74.16527778
2026-07-03 00:11:24,2006,Wadange (Shiroli Bridge),533.65,0.00,2026-07-03 05:30:00.000,0.00,0.00,0.00,0.00,1,16.71194444,74.27222222
2026-07-03 00:11:24,2007,Ichalkaranji,530.69,0.00,2026-07-03 05:30:00.000,0.00,0.00,0.00,0.00,1,16.66555556,74.47611111
